protocolType,SETS_setName,FIELD_pipeline,FIELD_plantingSeason,FIELD_plantingDate,FIELD_name,FIELD_field_latitude,FIELD_field_longitude,commercialName,OBS_observationRefCd,OBS_descriptorAbbreviation,OBS_numValue,QC_Flag,Analysis_Status
FTN,FTNTEMP,South,2023.0,2023-10-06 00:00:00.000000 UTC,GFKVN_BRAGADO_MOLINA_EARLY_F23,-35.120367,-60.74535,DK7210RR2,PDIP,,2.0,,H2H_STABILITY_SURVIVAL
FTN,FTNNORTE,North,2023.0,2024-01-25 00:00:00.000000 UTC,SRUIZ_LABOMBA_CRESUD_F23,-24.77695002,-63.82801003,DK7270TRE,PDIP,,0.0,,H2H_STABILITY_SURVIVAL
FTN,FTNTEMP,South,2023.0,2023-11-24 00:00:00.000000 UTC,GFKVN_GAHAN_LOVICH_LATE_F23,-34.3775991,-60.1232286,BRV8380PWUE,PDIP,,0.0,,H2H_STABILITY_SURVIVAL
FTN,FTNNORTE,North,2023.0,2024-01-05 00:00:00.000000 UTC,SRUIZ_ANTILLA_CUSILLOS_F23,-26.12146899,-64.56881001,DK7210PRO4,PDIP,,0.0,,H2H_STABILITY_SURVIVAL
FTN,FTNNORTE,North,2023.0,2024-01-22 00:00:00.000000 UTC,SRUIZ_FRIAS_SANTACECILIA_F23,-28.51271901,-65.05485506,DK7210PRO4,PDIP,,1.0,,H2H_STABILITY_SURVIVAL
FTN,FTNNORTUNT,North,2023.0,2024-01-21 00:00:00.000000 UTC,SRUIZ_ELBORDO_ESPEJO_FFUNG23,-25.82520395,-64.37901402,DK7220VTPRO4,PDIP,,0.0,,H2H_STABILITY_SURVIVAL
FTN,FTNNORTE,North,2023.0,2024-01-22 00:00:00.000000 UTC,SRUIZ_FRIAS_SANTACECILIA_F23,-28.51271901,-65.05485506,DK7210RR2,PDIP,,47.0,,H2H_STABILITY_SURVIVAL
FTN,FTNNORTE,North,2023.0,2024-01-19 00:00:00.000000 UTC,SRUIZ_ROSARIO_MIRKO_F23,-25.93489001,-65.07691403,DK7210PRO4,PDIP,,0.0,,H2H_STABILITY_SURVIVAL
FTN,FTNTEMP,South,2023.0,2023-11-24 00:00:00.000000 UTC,GFKVN_GAHAN_LOVICH_LATE_F23,-34.3775991,-60.1232286,NEXT226PWUE,PDIP,,0.0,,H2H_STABILITY_SURVIVAL
FTN,FTNTEMP,South,2023.0,2023-11-24 00:00:00.000000 UTC,GFKVN_GAHAN_LOVICH_LATE_F23,-34.3775991,-60.1232286,DK7210RR2,PDIP,,4.0,,H2H_STABILITY_SURVIVAL
FTN,FTNNORTE,North,2023.0,2024-01-22 00:00:00.000000 UTC,CSALO9_TRESISLETAS_MATESA_F23,-26.275047,-60.37330901,DK7210RR2,PDIP,,18.0,,H2H_STABILITY_SURVIVAL
FTN,FTNNORTE,North,2023.0,2024-02-16 00:00:00.000000 UTC,CSALO9_POZODELTIGRE_TUFROCREA_F23,-25.17024999,-60.41395799,DK7210PRO4,PDIP,,0.0,,H2H_STABILITY_SURVIVAL
FTN,FTNNORTE,North,2023.0,2024-01-09 00:00:00.000000 UTC,SRUIZ_TOROPOZO_BRIZ_F23,-27.104292,-64.72856811,DK7210RR2,PDIP,,95.0,,H2H_STABILITY_SURVIVAL
FTN,FTNTEMP,South,2023.0,2023-10-06 00:00:00.000000 UTC,GFKVN_BRAGADO_MOLINA_EARLY_F23,-35.120367,-60.74535,DK7272VT3P,PDIP,,1.0,,H2H_STABILITY_SURVIVAL
FTN,FTNNORTE,North,2023.0,2024-02-16 00:00:00.000000 UTC,CSALO9_POZODELTIGRE_TUFROCREA_F23,-25.17024999,-60.41395799,DK7210RR2,PDIP,,20.0,,H2H_STABILITY_SURVIVAL
FTN,FTNNORTE,North,2023.0,2024-01-23 00:00:00.000000 UTC,SRUIZ_LASLAJITAS_SANANDRES_F23,-24.68271,-64.05661002,LT785PRO4,PDIP,,0.0,,H2H_STABILITY_SURVIVAL
FTN,FTNNORTE,North,2023.0,2024-01-09 00:00:00.000000 UTC,SRUIZ_TOROPOZO_BRIZ_F23,-27.104292,-64.72856811,DK7270TRE,PDIP,,1.0,,H2H_STABILITY_SURVIVAL
FTN,FTNTEMP,South,2023.0,2023-12-15 00:00:00.000000 UTC,GLNQJ_ARANO_SCHACHENMAYR_LATE_F23,-37.0088281,-63.2936682,DK7210RR2,PDIP,,2.0,,H2H_STABILITY_SURVIVAL
FTN,FTNNORTE,North,2023.0,2024-01-23 00:00:00.000000 UTC,SRUIZ_LASLAJITAS_SANANDRES_F23,-24.68271,-64.05661002,DK7447TRE,PDIP,,0.0,,H2H_STABILITY_SURVIVAL
FTN,FTNTEMP,South,2023.0,2024-01-02 00:00:00.000000 UTC,VVSENK_RAMIREZ_EICHMANN_LATE_F23,-32.1650158,-60.2814429,DK7272VT3P,PDIP,,100.0,,H2H_STABILITY_SURVIVAL
FTN,FTNNORTE,North,2023.0,2024-01-23 00:00:00.000000 UTC,SRUIZ_LASLAJITAS_SANANDRES_F23,-24.68271,-64.05661002,DK7710PRO4,PDIP,,0.0,,H2H_STABILITY_SURVIVAL
FTN,FTNNORTE,North,2023.0,2024-01-17 00:00:00.000000 UTC,SRUIZ_LOSPEREYRA_BENITO_EVE23,-27.015044,-64.918982,DK7270TRE,PDIP,,1.0,,H2H_STABILITY_SURVIVAL
FTN,FTNNORTUNT,North,2023.0,2024-01-08 00:00:00.000000 UTC,CSALO9_CAPDEVILA_HYH_FFUNG23,-27.50281698,-61.557637,DK7210PRO4,PDIP,,0.0,,H2H_STABILITY_SURVIVAL
FTN,FTNTEMP,South,2023.0,2023-11-19 00:00:00.000000 UTC,RLOPE1_CHAVEZ_SIMON_EARLY_F23,-37.833599,-60.3112327,DK7272VT3P,PDIP,,0.0,,H2H_STABILITY_SURVIVAL
FTN,FTNNORTE,North,2023.0,2024-01-02 00:00:00.000000 UTC,CSALO9_BANDERA_DITGES_F23,-28.832411,-62.01583,DK7210RR2,PDIP,,20.0,,H2H_STABILITY_SURVIVAL
FTN,FTNNORTE,North,2023.0,2024-01-25 00:00:00.000000 UTC,SRUIZ_JVGONZALEZ_CANIZARES_F23,-24.93603998,-63.88544001,SYN126VIP3,PDIP,,0.0,,H2H_STABILITY_SURVIVAL
FTN,FTNNORTE,North,2023.0,2024-01-09 00:00:00.000000 UTC,SRUIZ_METAN_VILUCO_F23,-25.46170302,-64.85030201,DK7210PRO4,PDIP,,3.0,,H2H_STABILITY_SURVIVAL
FTN,FTNNORTE,North,2023.0,2024-01-19 00:00:00.000000 UTC,SRUIZ_CEIBALITO_BUENAVENTURA_F23,-24.96392,-64.38445004,DK7210RR2,PDIP,,98.0,,H2H_STABILITY_SURVIVAL
FTN,FTNNORTE,North,2023.0,2024-01-25 00:00:00.000000 UTC,SRUIZ_LABOMBA_CRESUD_F23,-24.77695002,-63.82801003,DK7210PRO4,PDIP,,0.0,,H2H_STABILITY_SURVIVAL
FTN,FTNNORTE,North,2023.0,2024-01-23 00:00:00.000000 UTC,SRUIZ_LASLAJITAS_SANANDRES_F23,-24.68271,-64.05661002,DK7210RR2,PDIP,,15.0,,H2H_STABILITY_SURVIVAL
FTN,FTNNORTE,North,2023.0,2024-01-19 00:00:00.000000 UTC,SRUIZ_CEIBALITO_BUENAVENTURA_F23,-24.96392,-64.38445004,DK7210PRO4,PDIP,,1.0,,H2H_STABILITY_SURVIVAL
FTN,FTNNORTE,North,2023.0,2024-01-23 00:00:00.000000 UTC,SRUIZ_LASLAJITAS_SANANDRES_F23,-24.68271,-64.05661002,P2089VYHR,PDIP,,0.0,,H2H_STABILITY_SURVIVAL
FTN,FTNTEMP,South,2023.0,2023-12-27 00:00:00.000000 UTC,DBORE_LAPALESTINA_FERNANDEZ_LATE_F23,-32.52186799,-63.40923301,DK7272VT3P,PDIP,,20.0,,H2H_STABILITY_SURVIVAL
FTN,FTNNORTE,North,2023.0,2024-01-22 00:00:00.000000 UTC,CSALO9_TRESISLETAS_MATESA_F23,-26.275047,-60.37330901,DK7210PRO4,PDIP,,0.0,,H2H_STABILITY_SURVIVAL
FTN,FTNNORTE,North,2023.0,2023-12-31 00:00:00.000000 UTC,SRUIZ_ISCAYACU_JAVICHO_F23,-26.97257208,-64.68678726,DK7210RR2,PDIP,,84.0,,H2H_STABILITY_SURVIVAL
FTN,FTNNORTE,North,2023.0,2024-01-25 00:00:00.000000 UTC,SRUIZ_JVGONZALEZ_CANIZARES_F23,-24.93603998,-63.88544001,NS7818VIP3,PDIP,,0.0,,H2H_STABILITY_SURVIVAL
FTN,FTNNORTE,North,2023.0,2024-01-25 00:00:00.000000 UTC,SRUIZ_JVGONZALEZ_CANIZARES_F23,-24.93603998,-63.88544001,DK7710PRO4,PDIP,,0.0,,H2H_STABILITY_SURVIVAL
FTN,FTNNORTE,North,2023.0,2024-01-23 00:00:00.000000 UTC,SRUIZ_LASLAJITAS_SANANDRES_F23,-24.68271,-64.05661002,DK7220VTPRO4,PDIP,,0.0,,H2H_STABILITY_SURVIVAL
FTN,FTNNORTE,North,2023.0,2024-02-08 00:00:00.000000 UTC,CSALO9_CHIRIGUANOS_WENDIASA_F23,-23.94327198,-61.558775,DK7210RR2,PDIP,,20.0,,H2H_STABILITY_SURVIVAL
FTN,FTNTEMP,South,2023.0,2023-12-04 00:00:00.000000 UTC,GGBLAN_DOSRIOS_DESPENADERARO_LATE_F23,-31.79689926,-64.34525119,DK7210RR2,PDIP,,6.0,,H2H_STABILITY_SURVIVAL
FTN,FTNTEMP,South,2023.0,2023-11-24 00:00:00.000000 UTC,GFKVN_GAHAN_LOVICH_LATE_F23,-34.3775991,-60.1232286,DK7272VT3P,PDIP,,2.0,,H2H_STABILITY_SURVIVAL
FTN,FTNNORTE,North,2023.0,2024-01-22 00:00:00.000000 UTC,SRUIZ_FRIAS_SANTACECILIA_F23,-28.51271901,-65.05485506,DK7270TRE,PDIP,,2.0,,H2H_STABILITY_SURVIVAL
FTN,FTNNORTE,North,2023.0,2024-01-25 00:00:00.000000 UTC,SRUIZ_JVGONZALEZ_CANIZARES_F23,-24.93603998,-63.88544001,AY8254ABA1,PDIP,,0.0,,H2H_STABILITY_SURVIVAL
FTN,FTNTEMP,South,2023.0,2023-11-23 00:00:00.000000 UTC,EEBONA_ARENALES_PERMIGEAT_LATE_F23,-34.3375028,-61.1932895,DK7210RR2,PDIP,,3.0,,H2H_STABILITY_SURVIVAL
FTN,FTNNORTE,North,2023.0,2023-12-31 00:00:00.000000 UTC,SRUIZ_ISCAYACU_JAVICHO_F23,-26.97257208,-64.68678726,DK7210PRO4,PDIP,,0.0,,H2H_STABILITY_SURVIVAL
FTN,FTNNORTE,North,2023.0,2024-01-23 00:00:00.000000 UTC,SRUIZ_LASLAJITAS_SANANDRES_F23,-24.68271,-64.05661002,LT721TRE,PDIP,,0.0,,H2H_STABILITY_SURVIVAL
FTN,FTNNORTE,North,2023.0,2024-01-17 00:00:00.000000 UTC,SRUIZ_LOSPEREYRA_BENITO_EVE23,-27.015044,-64.918982,DK7210RR2,PDIP,,48.0,,H2H_STABILITY_SURVIVAL
FTN,FTNNORTE,North,2023.0,2024-01-25 00:00:00.000000 UTC,SRUIZ_JVGONZALEZ_CANIZARES_F23,-24.93603998,-63.88544001,AY8111ABA1,PDIP,,0.0,,H2H_STABILITY_SURVIVAL
FTN,FTNNORTE,North,2023.0,2024-01-02 00:00:00.000000 UTC,CSALO9_BANDERA_DITGES_F23,-28.832411,-62.01583,DK7270TRE,PDIP,,0.0,,H2H_STABILITY_SURVIVAL
FTN,FTNNORTE,North,2023.0,2024-01-25 00:00:00.000000 UTC,SRUIZ_JVGONZALEZ_CANIZARES_F23,-24.93603998,-63.88544001,DK7220VTPRO4,PDIP,,0.0,,H2H_STABILITY_SURVIVAL
FTN,FTNNORTE,North,2023.0,2024-01-23 00:00:00.000000 UTC,SRUIZ_LASLAJITAS_SANANDRES_F23,-24.68271,-64.05661002,SYN126VIP3,PDIP,,0.0,,H2H_STABILITY_SURVIVAL
FTN,FTNTEMP,South,2023.0,2023-11-19 00:00:00.000000 UTC,RLOPE1_CHAVEZ_SIMON_EARLY_F23,-37.833599,-60.3112327,DK7210RR2,PDIP,,1.0,,H2H_STABILITY_SURVIVAL
FTN,FTNTEMP,South,2023.0,2023-11-19 00:00:00.000000 UTC,RLOPE1_CHAVEZ_SIMON_EARLY_F23,-37.833599,-60.3112327,DK7272TRE,PDIP,,0.0,,H2H_STABILITY_SURVIVAL
FTN,FTNNORTE,North,2023.0,2024-01-23 00:00:00.000000 UTC,SRUIZ_LASLAJITAS_SANANDRES_F23,-24.68271,-64.05661002,NS7921VIP3CL,PDIP,,0.0,,H2H_STABILITY_SURVIVAL
FTN,FTNNORTE,North,2023.0,2024-01-25 00:00:00.000000 UTC,SRUIZ_JVGONZALEZ_CANIZARES_F23,-24.93603998,-63.88544001,DK7270TRE,PDIP,,0.0,,H2H_STABILITY_SURVIVAL
FTN,FTNNORTE,North,2023.0,2024-01-02 00:00:00.000000 UTC,CSALO9_BANDERA_DITGES_F23,-28.832411,-62.01583,DK7210PRO4,PDIP,,1.0,,H2H_STABILITY_SURVIVAL
FTN,FTNNORTE,North,2023.0,2024-02-16 00:00:00.000000 UTC,CSALO9_POZODELTIGRE_TUFROCREA_F23,-25.17024999,-60.41395799,DK7270TRE,PDIP,,0.0,,H2H_STABILITY_SURVIVAL
FTN,FTNNORTUNT,North,2023.0,2024-01-21 00:00:00.000000 UTC,SRUIZ_ELBORDO_ESPEJO_FFUNG23,-25.82520395,-64.37901402,DK7210RR2,PDIP,,32.0,,H2H_STABILITY_SURVIVAL
FTN,FTNNORTE,North,2023.0,2024-01-25 00:00:00.000000 UTC,SRUIZ_JVGONZALEZ_CANIZARES_F23,-24.93603998,-63.88544001,LT785PRO4,PDIP,,0.0,,H2H_STABILITY_SURVIVAL
FTN,FTNTEMP,South,2023.0,2023-11-19 00:00:00.000000 UTC,RLOPE1_CHAVEZ_SIMON_EARLY_F23,-37.833599,-60.3112327,NK842VIPTERA3,PDIP,,0.0,,H2H_STABILITY_SURVIVAL
FTN,FTNNORTE,North,2023.0,2024-01-06 00:00:00.000000 UTC,CSALO9_BANDERA_ADN_F23,-28.80802998,-62.23864,DK7210RR2,PDIP,,20.0,,H2H_STABILITY_SURVIVAL
FTN,FTNTEMP,South,2023.0,2023-11-19 00:00:00.000000 UTC,RLOPE1_CHAVEZ_SIMON_EARLY_F23,-37.833599,-60.3112327,NEXT226PWUE,PDIP,,0.0,,H2H_STABILITY_SURVIVAL
FTN,FTNNORTE,North,2023.0,2024-01-25 00:00:00.000000 UTC,SRUIZ_JVGONZALEZ_CANIZARES_F23,-24.93603998,-63.88544001,DK7702TRE,PDIP,,0.0,,H2H_STABILITY_SURVIVAL
FTN,FTNTEMP,South,2023.0,2023-11-24 00:00:00.000000 UTC,GFKVN_GAHAN_LOVICH_LATE_F23,-34.3775991,-60.1232286,DK7210PRO4,PDIP,,0.0,,H2H_STABILITY_SURVIVAL
FTN,FTNNORTE,North,2023.0,2024-01-23 00:00:00.000000 UTC,SRUIZ_LASLAJITAS_SANANDRES_F23,-24.68271,-64.05661002,LT723TRE,PDIP,,0.0,,H2H_STABILITY_SURVIVAL
FTN,FTNNORTE,North,2023.0,2024-01-05 00:00:00.000000 UTC,SRUIZ_ANTILLA_CUSILLOS_F23,-26.12146899,-64.56881001,DK7210RR2,PDIP,,93.0,,H2H_STABILITY_SURVIVAL
FTN,FTNTEMP,South,2023.0,2023-10-09 00:00:00.000000 UTC,GLNQJ_SALLIQUELO_ELORRIAGA_EARLY_F23,-36.6910389,-62.9775311,DK7210RR2,PDIP,,0.0,,H2H_STABILITY_SURVIVAL
FTN,FTNNORTE,North,2023.0,2024-02-08 00:00:00.000000 UTC,CSALO9_CHIRIGUANOS_WENDIASA_F23,-23.94327198,-61.558775,DK7270TRE,PDIP,,0.0,,H2H_STABILITY_SURVIVAL
FTN,FTNTEMP,South,2023.0,2024-01-02 00:00:00.000000 UTC,VVSENK_RAMIREZ_EICHMANN_LATE_F23,-32.1650158,-60.2814429,DK7210PRO4,PDIP,,0.0,,H2H_STABILITY_SURVIVAL
FTN,FTNNORTE,North,2023.0,2024-02-08 00:00:00.000000 UTC,CSALO9_CHIRIGUANOS_WENDIASA_F23,-23.94327198,-61.558775,DK7210PRO4,PDIP,,0.0,,H2H_STABILITY_SURVIVAL
FTN,FTNNORTE,North,2023.0,2024-01-17 00:00:00.000000 UTC,SRUIZ_LOSPEREYRA_BENITO_EVE23,-27.015044,-64.918982,DK7210PRO4,PDIP,,1.0,,H2H_STABILITY_SURVIVAL
FTN,FTNNORTE,North,2023.0,2024-01-23 00:00:00.000000 UTC,SRUIZ_LASLAJITAS_SANANDRES_F23,-24.68271,-64.05661002,DK7702TRE,PDIP,,0.0,,H2H_STABILITY_SURVIVAL
FTN,FTNNORTE,North,2023.0,2023-12-31 00:00:00.000000 UTC,SRUIZ_ISCAYACU_JAVICHO_F23,-26.97257208,-64.68678726,DK7270TRE,PDIP,,2.0,,H2H_STABILITY_SURVIVAL
FTN,FTNTEMP,South,2023.0,2023-12-27 00:00:00.000000 UTC,DBORE_LAPALESTINA_FERNANDEZ_LATE_F23,-32.52186799,-63.40923301,DK7210RR2,PDIP,,49.0,,H2H_STABILITY_SURVIVAL
FTN,FTNNORTE,North,2023.0,2024-01-25 00:00:00.000000 UTC,SRUIZ_JVGONZALEZ_CANIZARES_F23,-24.93603998,-63.88544001,DK7210PRO4,PDIP,,0.0,,H2H_STABILITY_SURVIVAL
FTN,FTNTEMP,South,2023.0,2024-01-02 00:00:00.000000 UTC,VVSENK_RAMIREZ_EICHMANN_LATE_F23,-32.1650158,-60.2814429,DK7272TRE,PDIP,,0.0,,H2H_STABILITY_SURVIVAL
FTN,FTNTEMP,South,2023.0,2024-01-02 00:00:00.000000 UTC,VVSENK_RAMIREZ_EICHMANN_LATE_F23,-32.1650158,-60.2814429,DK7210RR2,PDIP,,100.0,,H2H_STABILITY_SURVIVAL
FTN,FTNNORTE,North,2023.0,2024-01-25 00:00:00.000000 UTC,SRUIZ_JVGONZALEZ_CANIZARES_F23,-24.93603998,-63.88544001,BRV8472PWU,PDIP,,0.0,,H2H_STABILITY_SURVIVAL
FTN,FTNNORTE,North,2023.0,2024-01-23 00:00:00.000000 UTC,SRUIZ_LASLAJITAS_SANANDRES_F23,-24.68271,-64.05661002,LT344TRE,PDIP,,0.0,,H2H_STABILITY_SURVIVAL
FTN,FTNTEMP,South,2023.0,2023-12-27 00:00:00.000000 UTC,DBORE_LAPALESTINA_FERNANDEZ_LATE_F23,-32.52186799,-63.40923301,NK842VIPTERA3,PDIP,,0.0,,H2H_STABILITY_SURVIVAL
FTN,FTNURY,South,2023.0,2023-09-26 00:00:00.000000 UTC,ORODR3_CERROCOLORADO_MOLISOR_EARLY_2324,-33.7277937,-56.8860562,DK7272TRE,PDIP,,0.0,,H2H_STABILITY_SURVIVAL
FTN,FTNTEMP,South,2023.0,2023-12-27 00:00:00.000000 UTC,DBORE_LAPALESTINA_FERNANDEZ_LATE_F23,-32.52186799,-63.40923301,DK7210PRO4,PDIP,,0.0,,H2H_STABILITY_SURVIVAL
FTN,FTNNORTE,North,2023.0,2024-01-23 00:00:00.000000 UTC,SRUIZ_LASLAJITAS_SANANDRES_F23,-24.68271,-64.05661002,DK7270TRE,PDIP,,0.0,,H2H_STABILITY_SURVIVAL
FTN,FTNTEMP,South,2023.0,2023-12-27 00:00:00.000000 UTC,DBORE_LAPALESTINA_FERNANDEZ_LATE_F23,-32.52186799,-63.40923301,DK7272TRE,PDIP,,0.0,,H2H_STABILITY_SURVIVAL
FTN,FTNNORTE,North,2023.0,2024-01-25 00:00:00.000000 UTC,SRUIZ_JVGONZALEZ_CANIZARES_F23,-24.93603998,-63.88544001,DK7210RR2,PDIP,,21.0,,H2H_STABILITY_SURVIVAL
FTN,FTNTEMP,South,2023.0,2023-12-11 00:00:00.000000 UTC,GLNQJ_MACACHIN_ELMALLIN_LATE_F23,-36.9508175,-63.7715461,DK7210RR2,PDIP,,9.0,,H2H_STABILITY_SURVIVAL
FTN,FTNTEMP,South,2023.0,2023-10-09 00:00:00.000000 UTC,GLNQJ_GENERALPICO_COSUFI_EARLY_F23,-35.6388737,-63.6071984,DK7210RR2,PDIP,,0.0,,H2H_STABILITY_SURVIVAL
FTN,FTNNORTUNT,North,2023.0,2024-01-21 00:00:00.000000 UTC,SRUIZ_ELBORDO_ESPEJO_FFUNG23,-25.82520395,-64.37901402,DK7270TRE,PDIP,,1.0,,H2H_STABILITY_SURVIVAL
FTN,FTNNORTE,North,2023.0,2024-01-09 00:00:00.000000 UTC,SRUIZ_TOROPOZO_BRIZ_F23,-27.104292,-64.72856811,DK7210PRO4,PDIP,,1.0,,H2H_STABILITY_SURVIVAL
FTN,FTNNORTE,North,2023.0,2024-01-06 00:00:00.000000 UTC,CSALO9_BANDERA_ADN_F23,-28.80802998,-62.23864,DK7270TRE,PDIP,,0.0,,H2H_STABILITY_SURVIVAL
FTN,FTNNORTE,North,2023.0,2024-01-09 00:00:00.000000 UTC,SRUIZ_METAN_VILUCO_F23,-25.46170302,-64.85030201,DK7270TRE,PDIP,,0.0,,H2H_STABILITY_SURVIVAL
FTN,FTNNORTE,North,2023.0,2024-01-06 00:00:00.000000 UTC,CSALO9_BANDERA_ADN_F23,-28.80802998,-62.23864,DK7210PRO4,PDIP,,0.0,,H2H_STABILITY_SURVIVAL
FTN,FTNTEMP,South,2023.0,2023-11-19 00:00:00.000000 UTC,RLOPE1_CHAVEZ_SIMON_EARLY_F23,-37.833599,-60.3112327,DK7210PRO4,PDIP,,0.0,,H2H_STABILITY_SURVIVAL
FTN,FTNNORTUNT,North,2023.0,2024-01-08 00:00:00.000000 UTC,CSALO9_CAPDEVILA_HYH_FFUNG23,-27.50281698,-61.557637,DK7270TRE,PDIP,,0.0,,H2H_STABILITY_SURVIVAL
FTN,FTNNORTE,North,2023.0,2024-01-19 00:00:00.000000 UTC,SRUIZ_ROSARIO_MIRKO_F23,-25.93489001,-65.07691403,DK7210RR2,PDIP,,11.0,,H2H_STABILITY_SURVIVAL
FTN,FTNNORTE,North,2023.0,2024-01-22 00:00:00.000000 UTC,CSALO9_TRESISLETAS_MATESA_F23,-26.275047,-60.37330901,DK7270TRE,PDIP,,0.0,,H2H_STABILITY_SURVIVAL
FTN,FTNNORTE,North,2023.0,2024-01-23 00:00:00.000000 UTC,SRUIZ_LASLAJITAS_SANANDRES_F23,-24.68271,-64.05661002,DK7612PRO4,PDIP,,0.0,,H2H_STABILITY_SURVIVAL
FTN,FTNNORTE,North,2023.0,2024-01-09 00:00:00.000000 UTC,SRUIZ_METAN_VILUCO_F23,-25.46170302,-64.85030201,DK7210RR2,PDIP,,100.0,,H2H_STABILITY_SURVIVAL
FTN,FTNNORTE,North,2023.0,2024-01-25 00:00:00.000000 UTC,SRUIZ_LABOMBA_CRESUD_F23,-24.77695002,-63.82801003,DK7210RR2,PDIP,,20.0,,H2H_STABILITY_SURVIVAL
FTN,FTNNORTUNT,North,2023.0,2024-01-08 00:00:00.000000 UTC,CSALO9_CAPDEVILA_HYH_FFUNG23,-27.50281698,-61.557637,DK7210RR2,PDIP,,20.0,,H2H_STABILITY_SURVIVAL
FTN,FTNTEMP,South,2023.0,2023-11-24 00:00:00.000000 UTC,GFKVN_GAHAN_LOVICH_LATE_F23,-34.3775991,-60.1232286,DK7272TRE,PDIP,,0.0,,H2H_STABILITY_SURVIVAL
FTN,FTNTEMP,South,2023.0,2023-10-06 00:00:00.000000 UTC,GFKVN_BRAGADO_MOLINA_EARLY_F23,-35.120367,-60.74535,NK842VIPTERA3,PDIP,,0.0,,H2H_STABILITY_SURVIVAL
FTN,FTNTEMP,South,2023.0,2023-10-06 00:00:00.000000 UTC,GFKVN_BRAGADO_MOLINA_EARLY_F23,-35.120367,-60.74535,DK7210PRO4,PDIP,,0.0,,H2H_STABILITY_SURVIVAL
FTN,FTNNORTE,North,2023.0,2024-01-25 00:00:00.000000 UTC,SRUIZ_JVGONZALEZ_CANIZARES_F23,-24.93603998,-63.88544001,DK7612PRO4,PDIP,,0.0,,H2H_STABILITY_SURVIVAL
FTN,FTNNORTE,North,2023.0,2024-01-25 00:00:00.000000 UTC,SRUIZ_JVGONZALEZ_CANIZARES_F23,-24.93603998,-63.88544001,DK7447TRE,PDIP,,0.0,,H2H_STABILITY_SURVIVAL
FTN,FTNNORTE,North,2023.0,2024-01-23 00:00:00.000000 UTC,SRUIZ_LASLAJITAS_SANANDRES_F23,-24.68271,-64.05661002,BRV8472PWU,PDIP,,0.0,,H2H_STABILITY_SURVIVAL
FTN,FTNNORTE,North,2023.0,2024-01-05 00:00:00.000000 UTC,SRUIZ_ANTILLA_CUSILLOS_F23,-26.12146899,-64.56881001,DK7270TRE,PDIP,,1.0,,H2H_STABILITY_SURVIVAL
FTN,FTNTEMP,South,2023.0,2023-12-27 00:00:00.000000 UTC,DBORE_LAPALESTINA_FERNANDEZ_LATE_F23,-32.52186799,-63.40923301,NEXT226PWUE,PDIP,,0.0,,H2H_STABILITY_SURVIVAL
FTN,FTNNORTE,North,2023.0,2024-01-25 00:00:00.000000 UTC,SRUIZ_JVGONZALEZ_CANIZARES_F23,-24.93603998,-63.88544001,LT721TRE,PDIP,,0.0,,H2H_STABILITY_SURVIVAL
FTN,FTNNORTE,North,2023.0,2024-01-23 00:00:00.000000 UTC,SRUIZ_LASLAJITAS_SANANDRES_F23,-24.68271,-64.05661002,AY8111ABA1,PDIP,,0.0,,H2H_STABILITY_SURVIVAL
FTN,FTNTEMP,South,2023.0,2023-10-06 00:00:00.000000 UTC,GFKVN_BRAGADO_MOLINA_EARLY_F23,-35.120367,-60.74535,NEXT226PWUE,PDIP,,0.0,,H2H_STABILITY_SURVIVAL
FTN,FTNNORTE,North,2023.0,2024-01-23 00:00:00.000000 UTC,SRUIZ_LASLAJITAS_SANANDRES_F23,-24.68271,-64.05661002,NS7818VIP3,PDIP,,0.0,,H2H_STABILITY_SURVIVAL
FTN,FTNNORTE,North,2023.0,2024-01-25 00:00:00.000000 UTC,SRUIZ_JVGONZALEZ_CANIZARES_F23,-24.93603998,-63.88544001,NS7921VIP3CL,PDIP,,0.0,,H2H_STABILITY_SURVIVAL
FTN,FTNNORTE,North,2023.0,2024-01-25 00:00:00.000000 UTC,SRUIZ_JVGONZALEZ_CANIZARES_F23,-24.93603998,-63.88544001,LT344TRE,PDIP,,0.0,,H2H_STABILITY_SURVIVAL
FTN,FTNTEMP,South,2023.0,2023-10-03 00:00:00.000000 UTC,GFKVN_ROJAS_TERRAMAS_EARLY_F23,-34.186371,-60.7030221,DK7210RR2,PDIP,,2.0,,H2H_STABILITY_SURVIVAL
FTN,FTNTEMP,South,2023.0,2023-10-27 00:00:00.000000 UTC,VVSENK_RAFAELA_ALLEGRO_EARLY_F23,-31.3229275,-61.5223214,DK7210RR2,PDIP,,0.0,,H2H_STABILITY_SURVIVAL
FTN,FTNTEMP,South,2023.0,2023-12-14 00:00:00.000000 UTC,GLNQJ_QUEMUQUEMU_GRUPOQUEMU_LATE_EVE23,-36.077708,-63.5794369,DK7210RR2,PDIP,,0.0,,H2H_STABILITY_SURVIVAL
FTN,FTNNORTE,North,2023.0,2024-01-25 00:00:00.000000 UTC,SRUIZ_JVGONZALEZ_CANIZARES_F23,-24.93603998,-63.88544001,LT723TRE,PDIP,,0.0,,H2H_STABILITY_SURVIVAL
FTN,FTNTEMP,South,2023.0,2023-09-18 00:00:00.000000 UTC,EEBONA_BOMBAL_GIROTTI_EARLY_F23,-33.4839365,-61.2610927,DK7210RR2,PDIP,,0.0,,H2H_STABILITY_SURVIVAL
FTN,FTNNORTE,North,2023.0,2024-01-23 00:00:00.000000 UTC,SRUIZ_LASLAJITAS_SANANDRES_F23,-24.68271,-64.05661002,DK7210PRO4,PDIP,,0.0,,H2H_STABILITY_SURVIVAL
FTN,FTNURY,South,2023.0,2023-09-26 00:00:00.000000 UTC,ORODR3_CERROCOLORADO_MOLISOR_EARLY_2324,-33.7277937,-56.8860562,DK7210RR2,PDIP,,55.0,,H2H_STABILITY_SURVIVAL
FTN,FTNNORTE,North,2023.0,2024-01-19 00:00:00.000000 UTC,SRUIZ_ROSARIO_MIRKO_F23,-25.93489001,-65.07691403,DK7270TRE,PDIP,,0.0,,H2H_STABILITY_SURVIVAL
FTN,FTNNORTE,North,2023.0,2024-01-25 00:00:00.000000 UTC,SRUIZ_JVGONZALEZ_CANIZARES_F23,-24.93603998,-63.88544001,P2089VYHR,PDIP,,0.0,,H2H_STABILITY_SURVIVAL
FTN,FTNNORTE,North,2023.0,2024-01-19 00:00:00.000000 UTC,SRUIZ_CEIBALITO_BUENAVENTURA_F23,-24.96392,-64.38445004,DK7270TRE,PDIP,,1.0,,H2H_STABILITY_SURVIVAL
FTN,FTNNORTE,North,2023.0,2024-01-23 00:00:00.000000 UTC,SRUIZ_LASLAJITAS_SANANDRES_F23,-24.68271,-64.05661002,AY8254ABA1,PDIP,,0.0,,H2H_STABILITY_SURVIVAL
FTN,FTNTEMP,South,2023.0,2023-12-01 00:00:00.000000 UTC,GLNQJ_URIBURU_GRUPOQUEMU_LATE_F23,-36.5119862,-63.9275044,DK7210RR2,PDIP,,3.0,,H2H_STABILITY_SURVIVAL
FTN,FTNTEMP,South,2023.0,2023-09-13 00:00:00.000000 UTC,VVSENK_CULULU_AGROMAT_EARLY_F23,-31.3293072,-60.8926082,DK7210RR2,PDIP,,0.0,,H2H_STABILITY_SURVIVAL
FTN,FTNURY,South,2023.0,2023-10-10 00:00:00.000000 UTC,ORODR3_BERACCHI_ADECO_EARLY_2324,-32.0624322,-53.9202976,DK7272TRE,PDIP,,0.0,,H2H_STABILITY_SURVIVAL
FTN,FTNURY,South,2023.0,2023-12-27 00:00:00.000000 UTC,ORODR3_ROCHA_JULIOBORN_LATE_2324,-34.4125347,-54.1110833,DK7210RR2,PDIP,,94.0,,H2H_STABILITY_SURVIVAL
FTN,FTNURY,South,2023.0,2023-10-10 00:00:00.000000 UTC,ORODR3_BERACCHI_ADECO_EARLY_2324,-32.0624322,-53.9202976,DK7210RR2,PDIP,,86.0,,H2H_STABILITY_SURVIVAL
FTN,FTNURY,South,2023.0,2023-12-27 00:00:00.000000 UTC,ORODR3_ROCHA_JULIOBORN_LATE_2324,-34.4125347,-54.1110833,DK7272TRE,PDIP,,0.0,,H2H_STABILITY_SURVIVAL
FTN,FTNTEMP,South,2023.0,2023-12-13 00:00:00.000000 UTC,DBORE_COLONIACAROYA_SALVUCCI_LATE_F23,-30.994599,-63.906633,DK7272VT3P,PDIP,,2.0,,H2H_STABILITY_SURVIVAL
FTN,FTNTEMP,South,2023.0,2023-12-13 00:00:00.000000 UTC,DBORE_COLONIACAROYA_SALVUCCI_LATE_F23,-30.994599,-63.906633,NEXT226PWUE,PDIP,,0.0,,H2H_STABILITY_SURVIVAL
FTN,FTNTEMP,South,2023.0,2023-12-13 00:00:00.000000 UTC,DBORE_COLONIACAROYA_SALVUCCI_LATE_F23,-30.994599,-63.906633,DK7272TRE,PDIP,,0.0,,H2H_STABILITY_SURVIVAL
FTN,FTNTEMP,South,2023.0,2023-12-13 00:00:00.000000 UTC,DBORE_COLONIACAROYA_SALVUCCI_LATE_F23,-30.994599,-63.906633,DK7210RR2,PDIP,,34.0,,H2H_STABILITY_SURVIVAL
FTN,FTNTEMP,South,2023.0,2023-12-13 00:00:00.000000 UTC,DBORE_COLONIACAROYA_SALVUCCI_LATE_F23,-30.994599,-63.906633,NK842VIPTERA3,PDIP,,0.0,,H2H_STABILITY_SURVIVAL
FTN,FTNTEMP,South,2023.0,2023-12-13 00:00:00.000000 UTC,DBORE_COLONIACAROYA_SALVUCCI_LATE_F23,-30.994599,-63.906633,DK7210PRO4,PDIP,,0.0,,H2H_STABILITY_SURVIVAL
FTN,FTNURY,South,2023.0,2023-09-27 00:00:00.000000 UTC,ORODR3_SANJORGE_PUPPO_EARLY_2324,-32.9737664,-55.8775694,DK7210RR2,PDIP,,59.0,,H2H_STABILITY_SURVIVAL
FTN,FTNURY,South,2023.0,2023-09-27 00:00:00.000000 UTC,ORODR3_SANJORGE_PUPPO_EARLY_2324,-32.9737664,-55.8775694,DK7272TRE,PDIP,,0.0,,H2H_STABILITY_SURVIVAL
FTN,FTNURY,South,2023.0,2023-12-27 00:00:00.000000 UTC,ORODR3_BLANQUILLO_GONZALOCARLE_LATE_2324,-32.8636524,-55.6437274,DK7272TRE,PDIP,,4.0,,H2H_STABILITY_SURVIVAL
FTN,FTNURY,South,2023.0,2023-12-27 00:00:00.000000 UTC,ORODR3_BLANQUILLO_GONZALOCARLE_LATE_2324,-32.8636524,-55.6437274,DK7210RR2,PDIP,,95.0,,H2H_STABILITY_SURVIVAL
FTN,FTNTEMP,South,2023.0,2023-10-05 00:00:00.000000 UTC,DBORE_PASCANAS_BERTODO_EARLY_F23,-33.123094,-63.0772954,DK7272VT3P,PDIP,,0.0,,H2H_STABILITY_SURVIVAL
FTN,FTNTEMP,South,2023.0,2023-10-05 00:00:00.000000 UTC,DBORE_PASCANAS_BERTODO_EARLY_F23,-33.123094,-63.0772954,DK7272TRE,PDIP,,0.0,,H2H_STABILITY_SURVIVAL
FTN,FTNTEMP,South,2023.0,2023-10-05 00:00:00.000000 UTC,DBORE_PASCANAS_BERTODO_EARLY_F23,-33.123094,-63.0772954,DK7210PRO4,PDIP,,0.0,,H2H_STABILITY_SURVIVAL
FTN,FTNTEMP,South,2023.0,2023-10-05 00:00:00.000000 UTC,DBORE_PASCANAS_BERTODO_EARLY_F23,-33.123094,-63.0772954,NEXT226PWUE,PDIP,,0.0,,H2H_STABILITY_SURVIVAL
FTN,FTNTEMP,South,2023.0,2023-10-05 00:00:00.000000 UTC,DBORE_PASCANAS_BERTODO_EARLY_F23,-33.123094,-63.0772954,DK7210RR2,PDIP,,0.0,,H2H_STABILITY_SURVIVAL
FTN,FTNTEMP,South,2023.0,2023-10-31 00:00:00.000000 UTC,DBORE_JUSTINIANOPOSSE_JUAREZ_EARLY_EVE23,-32.95082802,-62.69816505,DK7210PRO4,PDIP,,0.0,,H2H_STABILITY_SURVIVAL
FTN,FTNTEMP,South,2023.0,2023-10-31 00:00:00.000000 UTC,DBORE_JUSTINIANOPOSSE_JUAREZ_EARLY_EVE23,-32.95082802,-62.69816505,NK842VIPTERA3,PDIP,,0.0,,H2H_STABILITY_SURVIVAL
FTN,FTNTEMP,South,2023.0,2023-10-31 00:00:00.000000 UTC,DBORE_JUSTINIANOPOSSE_JUAREZ_EARLY_EVE23,-32.95082802,-62.69816505,DK7272VT3P,PDIP,,0.0,,H2H_STABILITY_SURVIVAL
FTN,FTNTEMP,South,2023.0,2023-10-31 00:00:00.000000 UTC,DBORE_JUSTINIANOPOSSE_JUAREZ_EARLY_EVE23,-32.95082802,-62.69816505,DK7272TRE,PDIP,,0.0,,H2H_STABILITY_SURVIVAL
FTN,FTNTEMP,South,2023.0,2023-10-31 00:00:00.000000 UTC,DBORE_JUSTINIANOPOSSE_JUAREZ_EARLY_EVE23,-32.95082802,-62.69816505,NEXT226PWUE,PDIP,,0.0,,H2H_STABILITY_SURVIVAL
FTN,FTNTEMP,South,2023.0,2023-10-31 00:00:00.000000 UTC,DBORE_JUSTINIANOPOSSE_JUAREZ_EARLY_EVE23,-32.95082802,-62.69816505,DK7210RR2,PDIP,,0.0,,H2H_STABILITY_SURVIVAL
FTN,FTNTEMP,South,2023.0,2023-10-05 00:00:00.000000 UTC,DBORE_PASCANAS_BERTODO_EARLY_F23,-33.123094,-63.0772954,NK842VIPTERA3,PDIP,,0.0,,H2H_STABILITY_SURVIVAL
FTN,FTNNORTE,North,2023.0,2024-01-04 00:00:00.000000 UTC,SRUIZ_TACANA_GALLARDO_F23,-27.11992201,-64.79864602,DK7270TRE,PDIP,,0.0,,H2H_STABILITY_SURVIVAL
FTN,FTNNORTE,North,2023.0,2024-01-04 00:00:00.000000 UTC,SRUIZ_TACANA_GALLARDO_F23,-27.11992201,-64.79864602,DK7210RR2,PDIP,,95.0,,H2H_STABILITY_SURVIVAL
FTN,FTNNORTE,North,2023.0,2024-01-04 00:00:00.000000 UTC,SRUIZ_TACANA_GALLARDO_F23,-27.11992201,-64.79864602,DK7210PRO4,PDIP,,1.0,,H2H_STABILITY_SURVIVAL
FTN,FTNURY,South,2023.0,2023-10-16 00:00:00.000000 UTC,ORODR3_LABOYADA_DIEGOBOTTA_EARLY_2324,-34.4486849,-56.9574512,DK7210RR2,PDIP,,4.0,,H2H_STABILITY_SURVIVAL
FTN,FTNURY,South,2023.0,2023-09-29 00:00:00.000000 UTC,ORODR3_LIBERTAD_UFO_EARLY_2324_RIEGO,-34.6183362,-56.8678987,DK7210RR2,PDIP,,6.0,,H2H_STABILITY_SURVIVAL
FTN,FTNURY,South,2023.0,2023-09-29 00:00:00.000000 UTC,ORODR3_LIBERTAD_UFO_EARLY_2324_RIEGO,-34.6183362,-56.8678987,DK7272TRE,PDIP,,0.0,,H2H_STABILITY_SURVIVAL
FTN,FTNURY,South,2023.0,2023-10-16 00:00:00.000000 UTC,ORODR3_LABOYADA_DIEGOBOTTA_EARLY_2324,-34.4486849,-56.9574512,DK7272TRE,PDIP,,0.0,,H2H_STABILITY_SURVIVAL
FTN,FTNTEMP,South,2023.0,2023-12-11 00:00:00.000000 UTC,DBORE_VILLADELTOTORAL_CHIALVA_LATE_F23,-30.77259396,-64.077717,NEXT226PWUE,PDIP,,0.0,,H2H_STABILITY_SURVIVAL
FTN,FTNTEMP,South,2023.0,2023-12-11 00:00:00.000000 UTC,DBORE_VILLADELTOTORAL_CHIALVA_LATE_F23,-30.77259396,-64.077717,DK7210RR2,PDIP,,60.0,,H2H_STABILITY_SURVIVAL
FTN,FTNTEMP,South,2023.0,2023-12-11 00:00:00.000000 UTC,DBORE_VILLADELTOTORAL_CHIALVA_LATE_F23,-30.77259396,-64.077717,DK7210PRO4,PDIP,,0.0,,H2H_STABILITY_SURVIVAL
FTN,FTNTEMP,South,2023.0,2023-12-11 00:00:00.000000 UTC,DBORE_VILLADELTOTORAL_CHIALVA_LATE_F23,-30.77259396,-64.077717,DK7272TRE,PDIP,,0.0,,H2H_STABILITY_SURVIVAL
FTN,FTNTEMP,South,2023.0,2023-12-11 00:00:00.000000 UTC,DBORE_VILLADELTOTORAL_CHIALVA_LATE_F23,-30.77259396,-64.077717,DK7272VT3P,PDIP,,9.0,,H2H_STABILITY_SURVIVAL
FTN,FTNTEMP,South,2023.0,2023-12-11 00:00:00.000000 UTC,DBORE_VILLADELTOTORAL_CHIALVA_LATE_F23,-30.77259396,-64.077717,NK842VIPTERA3,PDIP,,0.0,,H2H_STABILITY_SURVIVAL
FTN,FTNTEMP,South,2023.0,2023-10-30 00:00:00.000000 UTC,EEBONA_LASROSAS_ZILIO_EARLY_F23,-32.4981324,-61.4874586,DK7210RR2,PDIP,,4.0,,H2H_STABILITY_SURVIVAL
FTN,FTNTEMP,South,2023.0,2023-12-29 00:00:00.000000 UTC,EEBONA_MONTESDEOCA_JAVIER_LATE_F23,-32.61403071,-61.8283308,NK842VIPTERA3,PDIP,,0.0,,H2H_STABILITY_SURVIVAL
FTN,FTNTEMP,South,2023.0,2023-12-29 00:00:00.000000 UTC,EEBONA_MONTESDEOCA_JAVIER_LATE_F23,-32.61403071,-61.8283308,NEXT226PWUE,PDIP,,0.0,,H2H_STABILITY_SURVIVAL
FTN,FTNTEMP,South,2023.0,2023-12-29 00:00:00.000000 UTC,EEBONA_MONTESDEOCA_JAVIER_LATE_F23,-32.61403071,-61.8283308,DK7272TRE,PDIP,,0.0,,H2H_STABILITY_SURVIVAL
FTN,FTNTEMP,South,2023.0,2023-12-29 00:00:00.000000 UTC,EEBONA_MONTESDEOCA_JAVIER_LATE_F23,-32.61403071,-61.8283308,DK7210PRO4,PDIP,,0.0,,H2H_STABILITY_SURVIVAL
FTN,FTNTEMP,South,2023.0,2023-12-29 00:00:00.000000 UTC,EEBONA_MONTESDEOCA_JAVIER_LATE_F23,-32.61403071,-61.8283308,DK7272VT3P,PDIP,,23.0,,H2H_STABILITY_SURVIVAL
FTN,FTNTEMP,South,2023.0,2023-09-27 00:00:00.000000 UTC,EEBONA_ARMSTRONG_DELVECHIO_EARLY_F23,-32.8560826,-61.5566653,DK7210RR2,PDIP,,0.0,,H2H_STABILITY_SURVIVAL
FTN,FTNTEMP,South,2023.0,2023-12-29 00:00:00.000000 UTC,EEBONA_MONTESDEOCA_JAVIER_LATE_F23,-32.61403071,-61.8283308,DK7210RR2,PDIP,,30.0,,H2H_STABILITY_SURVIVAL
FTN,FTNNORTE,North,2023.0,2024-01-08 00:00:00.000000 UTC,SRUIZ_BURRUYACU_ELAZUL_F23,-26.44443102,-64.61489703,DK7270TRE,PDIP,,0.0,,H2H_STABILITY_SURVIVAL
FTN,FTNNORTUNT,North,2023.0,2024-01-14 00:00:00.000000 UTC,SRUIZ_ELTIMBO_PENALBA_FFUNG23,-26.58529902,-64.04977701,DK7210RR2,PDIP,,100.0,,H2H_STABILITY_SURVIVAL
FTN,FTNNORTE,North,2023.0,2024-01-08 00:00:00.000000 UTC,SRUIZ_BENJAMINARAOZ_NEOCAMPO_F23,-26.59261701,-64.78445304,DK7210PRO4,PDIP,,1.0,,H2H_STABILITY_SURVIVAL
FTN,FTNNORTE,North,2023.0,2024-01-08 00:00:00.000000 UTC,SRUIZ_BURRUYACU_ELAZUL_F23,-26.44443102,-64.61489703,DK7210PRO4,PDIP,,0.0,,H2H_STABILITY_SURVIVAL
FTN,FTNNORTUNT,North,2023.0,2024-01-14 00:00:00.000000 UTC,SRUIZ_ELTIMBO_PENALBA_FFUNG23,-26.58529902,-64.04977701,DK7270TRE,PDIP,,0.0,,H2H_STABILITY_SURVIVAL
FTN,FTNNORTUNT,North,2023.0,2024-01-14 00:00:00.000000 UTC,SRUIZ_ELTIMBO_PENALBA_FFUNG23,-26.58529902,-64.04977701,DK7210PRO4,PDIP,,0.0,,H2H_STABILITY_SURVIVAL
FTN,FTNNORTE,North,2023.0,2024-01-08 00:00:00.000000 UTC,SRUIZ_BENJAMINARAOZ_NEOCAMPO_F23,-26.59261701,-64.78445304,DK7210RR2,PDIP,,60.0,,H2H_STABILITY_SURVIVAL
FTN,FTNNORTE,North,2023.0,2024-01-08 00:00:00.000000 UTC,SRUIZ_BURRUYACU_ELAZUL_F23,-26.44443102,-64.61489703,DK7210RR2,PDIP,,75.0,,H2H_STABILITY_SURVIVAL
FTN,FTNNORTE,North,2023.0,2024-01-08 00:00:00.000000 UTC,SRUIZ_BENJAMINARAOZ_NEOCAMPO_F23,-26.59261701,-64.78445304,DK7270TRE,PDIP,,0.0,,H2H_STABILITY_SURVIVAL
FTN,FTNTEMP,South,2023.0,2023-09-08 00:00:00.000000 UTC,VVSENK_LUCASGONZALES_MALACATE_EARLY_F23,-32.388451850967,-59.470036861691,DK7210RR2,PDIP,,0.0,,H2H_STABILITY_SURVIVAL
FTN,FTNTEMP,South,2023.0,2023-10-29 00:00:00.000000 UTC,VVSENK_SAUCE PINTO_RSCHENFELD_EARLY_F23,-31.867373,-60.3223262,DK7210RR2,PDIP,,0.0,,H2H_STABILITY_SURVIVAL
FTN,FTNTEMP,South,2023.0,2023-10-30 00:00:00.000000 UTC,VVSENK_OROVERDE_MELCHIORI_EARLY_EVE23,-31.8500269,-60.5352644,DK7210RR2,PDIP,,0.0,,H2H_STABILITY_SURVIVAL
FTN,FTNURY,South,2023.0,2023-10-09 00:00:00.000000 UTC,ORODR3_SALTO_OBRIAN_EARLY_2324_RIEGO,-31.1695327,-57.103051,DK7272TRE,PDIP,,0.0,,H2H_STABILITY_SURVIVAL
FTN,FTNURY,South,2023.0,2023-09-21 00:00:00.000000 UTC,ORODR3_MERCEDES_AMELIABORIOA_EARLY_2324,-33.4979764,-57.8316801,DK7210RR2,PDIP,,16.0,,H2H_STABILITY_SURVIVAL
FTN,FTNURY,South,2023.0,2023-11-27 00:00:00.000000 UTC,ORODR3_YOUNS_DELCARMEN_LATE_2324,-32.7470356,-57.5223212,DK7210RR2,PDIP,,60.0,,H2H_STABILITY_SURVIVAL
FTN,FTNURY,South,2023.0,2023-12-29 00:00:00.000000 UTC,ORODR3_YOUNG_DOSCEIBOS_LATE_2324,-32.9193765,-57.6953857,DK7272TRE,PDIP,,0.0,,H2H_STABILITY_SURVIVAL
FTN,FTNURY,South,2023.0,2023-10-09 00:00:00.000000 UTC,ORODR3_SALTO_OBRIAN_EARLY_2324_RIEGO,-31.1695327,-57.103051,DK7210RR2,PDIP,,100.0,,H2H_STABILITY_SURVIVAL
FTN,FTNURY,South,2023.0,2023-11-27 00:00:00.000000 UTC,ORODR3_YOUNS_DELCARMEN_LATE_2324,-32.7470356,-57.5223212,DK7272TRE,PDIP,,0.0,,H2H_STABILITY_SURVIVAL
FTN,FTNURY,South,2023.0,2023-09-20 00:00:00.000000 UTC,ORODR3_PALMAR_RANCHONUEVO_EARLY_2324_RIEGO,-33.0769272,-57.229604,DK7272TRE,PDIP,,0.0,,H2H_STABILITY_SURVIVAL
FTN,FTNURY,South,2023.0,2023-09-20 00:00:00.000000 UTC,ORODR3_PALMAR_RANCHONUEVO_EARLY_2324_RIEGO,-33.0769272,-57.229604,DK7210RR2,PDIP,,49.0,,H2H_STABILITY_SURVIVAL
FTN,FTNURY,South,2023.0,2023-09-21 00:00:00.000000 UTC,ORODR3_MERCEDES_AMELIABORIOA_EARLY_2324,-33.4979764,-57.8316801,DK7272TRE,PDIP,,0.0,,H2H_STABILITY_SURVIVAL
FTN,FTNURY,South,2023.0,2023-09-22 00:00:00.000000 UTC,ORODR3_PAYSANDU_SANFRANCISCOJAVIER_EARLY_2324,-32.5491851,-57.8139089,DK7210RR2,PDIP,,48.0,,H2H_STABILITY_SURVIVAL
FTN,FTNURY,South,2023.0,2023-09-22 00:00:00.000000 UTC,ORODR3_PAYSANDU_SANFRANCISCOJAVIER_EARLY_2324,-32.5491851,-57.8139089,DK7272TRE,PDIP,,0.0,,H2H_STABILITY_SURVIVAL
FTN,FTNURY,South,2023.0,2023-12-29 00:00:00.000000 UTC,ORODR3_YOUNG_DOSCEIBOS_LATE_2324,-32.9193765,-57.6953857,DK7210RR2,PDIP,,100.0,,H2H_STABILITY_SURVIVAL
FTN,FTNTEMPUNT,South,2023.0,2023-12-31 00:00:00.000000 UTC,DBORE_LAFRANCIA_FALCO_LATE_FFUNG23,-31.40501399,-62.68772803,DK7210RR2,PDIP,,91.0,,H2H_STABILITY_SURVIVAL
FTN,FTNTEMPFUN,South,2023.0,2023-12-31 00:00:00.000000 UTC,DBORE_LAFRANCIA_FALCO_LATE_FFUNG23,-31.40501399,-62.68772803,DK7210PRO4,PDIP,,0.0,,H2H_STABILITY_SURVIVAL
FTN,FTNTEMPUNT,South,2023.0,2023-12-31 00:00:00.000000 UTC,DBORE_LAFRANCIA_FALCO_LATE_FFUNG23,-31.40501399,-62.68772803,DK7210PRO4,PDIP,,0.0,,H2H_STABILITY_SURVIVAL
FTN,FTNTEMPUNT,South,2023.0,2023-12-31 00:00:00.000000 UTC,DBORE_LAFRANCIA_FALCO_LATE_FFUNG23,-31.40501399,-62.68772803,NEXT226PWUE,PDIP,,0.0,,H2H_STABILITY_SURVIVAL
FTN,FTNTEMP,South,2023.0,2023-12-27 00:00:00.000000 UTC,DBORE_ELARANADO_SIMEONI_LATE_F23,-31.75417197,-62.87121098,DK7272VT3P,PDIP,,65.0,,H2H_STABILITY_SURVIVAL
FTN,FTNTEMP,South,2023.0,2023-12-27 00:00:00.000000 UTC,DBORE_ELARANADO_SIMEONI_LATE_F23,-31.75417197,-62.87121098,NK842VIPTERA3,PDIP,,0.0,,H2H_STABILITY_SURVIVAL
FTN,FTNTEMPFUN,South,2023.0,2023-12-31 00:00:00.000000 UTC,DBORE_LAFRANCIA_FALCO_LATE_FFUNG23,-31.40501399,-62.68772803,NK842VIPTERA3,PDIP,,0.0,,H2H_STABILITY_SURVIVAL
FTN,FTNTEMPUNT,South,2023.0,2023-12-31 00:00:00.000000 UTC,DBORE_LAFRANCIA_FALCO_LATE_FFUNG23,-31.40501399,-62.68772803,DK7272TRE,PDIP,,0.0,,H2H_STABILITY_SURVIVAL
FTN,FTNTEMP,South,2023.0,2023-12-27 00:00:00.000000 UTC,DBORE_ELARANADO_SIMEONI_LATE_F23,-31.75417197,-62.87121098,DK7210PRO4,PDIP,,0.0,,H2H_STABILITY_SURVIVAL
FTN,FTNTEMP,South,2023.0,2023-12-27 00:00:00.000000 UTC,DBORE_ELARANADO_SIMEONI_LATE_F23,-31.75417197,-62.87121098,NEXT226PWUE,PDIP,,0.0,,H2H_STABILITY_SURVIVAL
FTN,FTNTEMPUNT,South,2023.0,2023-12-31 00:00:00.000000 UTC,DBORE_LAFRANCIA_FALCO_LATE_FFUNG23,-31.40501399,-62.68772803,NK842VIPTERA3,PDIP,,0.0,,H2H_STABILITY_SURVIVAL
FTN,FTNTEMPFUN,South,2023.0,2023-12-31 00:00:00.000000 UTC,DBORE_LAFRANCIA_FALCO_LATE_FFUNG23,-31.40501399,-62.68772803,DK7210RR2,PDIP,,91.0,,H2H_STABILITY_SURVIVAL
FTN,FTNTEMPUNT,South,2023.0,2023-12-31 00:00:00.000000 UTC,DBORE_LAFRANCIA_FALCO_LATE_FFUNG23,-31.40501399,-62.68772803,DK7272VT3P,PDIP,,58.0,,H2H_STABILITY_SURVIVAL
FTN,FTNTEMP,South,2023.0,2023-12-27 00:00:00.000000 UTC,DBORE_ELARANADO_SIMEONI_LATE_F23,-31.75417197,-62.87121098,DK7210RR2,PDIP,,89.0,,H2H_STABILITY_SURVIVAL
FTN,FTNTEMP,South,2023.0,2023-12-27 00:00:00.000000 UTC,DBORE_ELARANADO_SIMEONI_LATE_F23,-31.75417197,-62.87121098,DK7272TRE,PDIP,,0.0,,H2H_STABILITY_SURVIVAL
FTN,FTNTEMPFUN,South,2023.0,2023-12-31 00:00:00.000000 UTC,DBORE_LAFRANCIA_FALCO_LATE_FFUNG23,-31.40501399,-62.68772803,DK7272TRE,PDIP,,0.0,,H2H_STABILITY_SURVIVAL
FTN,FTNTEMPFUN,South,2023.0,2023-12-31 00:00:00.000000 UTC,DBORE_LAFRANCIA_FALCO_LATE_FFUNG23,-31.40501399,-62.68772803,DK7272VT3P,PDIP,,58.0,,H2H_STABILITY_SURVIVAL
FTN,FTNTEMPFUN,South,2023.0,2023-12-31 00:00:00.000000 UTC,DBORE_LAFRANCIA_FALCO_LATE_FFUNG23,-31.40501399,-62.68772803,NEXT226PWUE,PDIP,,0.0,,H2H_STABILITY_SURVIVAL
FTN,FTNTEMP,South,2023.0,2023-10-09 00:00:00.000000 UTC,GGBLAN_CARNERILLO_MANI_EARLY_F23,-32.9631504,-63.95945837,DK7210RR2,PDIP,,0.0,,H2H_STABILITY_SURVIVAL
FTN,FTNTEMPFUN,South,2023.0,2023-11-03 00:00:00.000000 UTC,GGBLAN_BUSILLI_ELENA_EARLY_FFUNG23,-32.5573957,-64.3837186,DK7210RR2,PDIP,,0.0,,H2H_STABILITY_SURVIVAL
FTN,FTNTEMP,South,2023.0,2023-10-02 00:00:00.000000 UTC,GGBLAN_VICUNA_HARAS_EARLY_F23,-34.197343668877,-64.250271741639,DK7210RR2,PDIP,,0.0,,H2H_STABILITY_SURVIVAL
FTN,FTNTEMP,South,2023.0,2023-12-28 00:00:00.000000 UTC,GGBLAN_ALCIRA_MOSCONI_LATE_F23,-32.67074486,-64.16159845,DK7272TRE,PDIP,,0.0,,H2H_STABILITY_SURVIVAL
FTN,FTNTEMP,South,2023.0,2023-12-07 00:00:00.000000 UTC,GGBLAN_LIAG_VICUNA_LATE_F23,-34.180948721648,-64.357744140076,DK7210RR2,PDIP,,0.0,,H2H_STABILITY_SURVIVAL
FTN,FTNTEMP,South,2023.0,2023-12-28 00:00:00.000000 UTC,GGBLAN_ALCIRA_MOSCONI_LATE_F23,-32.67074486,-64.16159845,DK7210PRO4,PDIP,,0.0,,H2H_STABILITY_SURVIVAL
FTN,FTNTEMP,South,2023.0,2023-12-28 00:00:00.000000 UTC,GGBLAN_ALCIRA_MOSCONI_LATE_F23,-32.67074486,-64.16159845,DK7272VT3P,PDIP,,0.0,,H2H_STABILITY_SURVIVAL
FTN,FTNTEMP,South,2023.0,2023-12-09 00:00:00.000000 UTC,GGBLAN_RIOCUARTO_MALE_LATE_F23,-33.012942,-64.2872085,DK7210RR2,PDIP,,1.0,,H2H_STABILITY_SURVIVAL
FTN,FTNTEMP,South,2023.0,2023-12-28 00:00:00.000000 UTC,GGBLAN_ALCIRA_MOSCONI_LATE_F23,-32.67074486,-64.16159845,DK7210RR2,PDIP,,3.0,,H2H_STABILITY_SURVIVAL
FTN,FTNTEMPFUN,South,2023.0,2023-10-31 00:00:00.000000 UTC,VVSENK_RECREO_SANTIROCCO_EARLY_FFUNG23,-31.531115932087,-60.759978898962,DK7210RR2,PDIP,,0.0,,H2H_STABILITY_SURVIVAL
FTN,FTNTEMP,South,2023.0,2023-12-22 00:00:00.000000 UTC,DBORE_PILAR_NARDI_LATE_F23,-31.74834,-63.820835,DK7210PRO4,PDIP,,0.0,,H2H_STABILITY_SURVIVAL
FTN,FTNTEMP,South,2023.0,2023-12-21 00:00:00.000000 UTC,DBORE_IMPIRA_AIMAR_LATE_EVE23,-31.824383,-63.625942,NK842VIPTERA3,PDIP,,0.0,,H2H_STABILITY_SURVIVAL
FTN,FTNTEMP,South,2023.0,2023-12-21 00:00:00.000000 UTC,DBORE_IMPIRA_AIMAR_LATE_EVE23,-31.824383,-63.625942,NEXT226PWUE,PDIP,,0.0,,H2H_STABILITY_SURVIVAL
FTN,FTNTEMP,South,2023.0,2023-12-22 00:00:00.000000 UTC,DBORE_PILAR_NARDI_LATE_F23,-31.74834,-63.820835,DK7272TRE,PDIP,,0.0,,H2H_STABILITY_SURVIVAL
FTN,FTNTEMP,South,2023.0,2023-12-30 00:00:00.000000 UTC,DBORE_CALCHIN_GRIBAUDO_LATE_F23,-31.6986499,-63.261903,DK7272VT3P,PDIP,,20.0,,H2H_STABILITY_SURVIVAL
FTN,FTNTEMP,South,2023.0,2023-12-22 00:00:00.000000 UTC,DBORE_PILAR_NARDI_LATE_F23,-31.74834,-63.820835,NK842VIPTERA3,PDIP,,0.0,,H2H_STABILITY_SURVIVAL
FTN,FTNTEMP,South,2023.0,2023-12-21 00:00:00.000000 UTC,DBORE_IMPIRA_AIMAR_LATE_EVE23,-31.824383,-63.625942,DK7210PRO4,PDIP,,0.0,,H2H_STABILITY_SURVIVAL
FTN,FTNTEMP,South,2023.0,2023-12-22 00:00:00.000000 UTC,DBORE_PILAR_NARDI_LATE_F23,-31.74834,-63.820835,DK7210RR2,PDIP,,41.0,,H2H_STABILITY_SURVIVAL
FTN,FTNTEMP,South,2023.0,2023-12-30 00:00:00.000000 UTC,DBORE_CALCHIN_GRIBAUDO_LATE_F23,-31.6986499,-63.261903,DK7272TRE,PDIP,,0.0,,H2H_STABILITY_SURVIVAL
FTN,FTNTEMP,South,2023.0,2023-12-30 00:00:00.000000 UTC,DBORE_CALCHIN_GRIBAUDO_LATE_F23,-31.6986499,-63.261903,DK7210RR2,PDIP,,49.0,,H2H_STABILITY_SURVIVAL
FTN,FTNTEMP,South,2023.0,2023-12-21 00:00:00.000000 UTC,DBORE_IMPIRA_AIMAR_LATE_EVE23,-31.824383,-63.625942,DK7210RR2,PDIP,,28.0,,H2H_STABILITY_SURVIVAL
FTN,FTNTEMP,South,2023.0,2023-12-30 00:00:00.000000 UTC,DBORE_CALCHIN_GRIBAUDO_LATE_F23,-31.6986499,-63.261903,DK7210PRO4,PDIP,,0.0,,H2H_STABILITY_SURVIVAL
FTN,FTNTEMP,South,2023.0,2023-12-30 00:00:00.000000 UTC,DBORE_CALCHIN_GRIBAUDO_LATE_F23,-31.6986499,-63.261903,NEXT226PWUE,PDIP,,0.0,,H2H_STABILITY_SURVIVAL
FTN,FTNTEMP,South,2023.0,2023-12-30 00:00:00.000000 UTC,DBORE_CALCHIN_GRIBAUDO_LATE_F23,-31.6986499,-63.261903,NK842VIPTERA3,PDIP,,0.0,,H2H_STABILITY_SURVIVAL
FTN,FTNTEMP,South,2023.0,2023-12-22 00:00:00.000000 UTC,DBORE_PILAR_NARDI_LATE_F23,-31.74834,-63.820835,DK7272VT3P,PDIP,,12.0,,H2H_STABILITY_SURVIVAL
FTN,FTNTEMP,South,2023.0,2023-12-21 00:00:00.000000 UTC,DBORE_IMPIRA_AIMAR_LATE_EVE23,-31.824383,-63.625942,DK7272VT3P,PDIP,,12.0,,H2H_STABILITY_SURVIVAL
FTN,FTNTEMP,South,2023.0,2023-12-22 00:00:00.000000 UTC,DBORE_PILAR_NARDI_LATE_F23,-31.74834,-63.820835,NEXT226PWUE,PDIP,,0.0,,H2H_STABILITY_SURVIVAL
FTN,FTNTEMP,South,2023.0,2023-12-21 00:00:00.000000 UTC,DBORE_IMPIRA_AIMAR_LATE_EVE23,-31.824383,-63.625942,DK7272TRE,PDIP,,0.0,,H2H_STABILITY_SURVIVAL
FTN,FTNTEMP,South,2023.0,2023-12-12 00:00:00.000000 UTC,VVSENK_CANADAROSQUIN_FLORDECARDO_LATE_EVE23,-31.9716711,-61.6161259,DK7210PRO4,PDIP,,0.0,,H2H_STABILITY_SURVIVAL
FTN,FTNTEMP,South,2023.0,2023-12-12 00:00:00.000000 UTC,VVSENK_CANADAROSQUIN_FLORDECARDO_LATE_EVE23,-31.9716711,-61.6161259,DK7210RR2,PDIP,,30.0,,H2H_STABILITY_SURVIVAL
FTN,FTNTEMP,South,2023.0,2023-12-12 00:00:00.000000 UTC,VVSENK_CANADAROSQUIN_FLORDECARDO_LATE_EVE23,-31.9716711,-61.6161259,DK7272VT3P,PDIP,,25.0,,H2H_STABILITY_SURVIVAL
FTN,FTNTEMP,South,2023.0,2023-12-12 00:00:00.000000 UTC,VVSENK_CANADAROSQUIN_FLORDECARDO_LATE_EVE23,-31.9716711,-61.6161259,DK7272TRE,PDIP,,0.0,,H2H_STABILITY_SURVIVAL
FTN,FTNTEMP,South,2023.0,2023-11-09 00:00:00.000000 UTC,RLOPE1_VELA_SCHANG_EARLY_F23,-37.503508,-59.3670098,DK7272VT3P,PDIP,,0.0,,H2H_STABILITY_SURVIVAL
FTN,FTNTEMP,South,2023.0,2023-11-09 00:00:00.000000 UTC,RLOPE1_VELA_SCHANG_EARLY_F23,-37.503508,-59.3670098,DK7272TRE,PDIP,,0.0,,H2H_STABILITY_SURVIVAL
FTN,FTNTEMP,South,2023.0,2023-11-09 00:00:00.000000 UTC,RLOPE1_VELA_SCHANG_EARLY_F23,-37.503508,-59.3670098,DK7210RR2,PDIP,,0.0,,H2H_STABILITY_SURVIVAL
FTN,FTNTEMP,South,2023.0,2023-11-09 00:00:00.000000 UTC,RLOPE1_VELA_SCHANG_EARLY_F23,-37.503508,-59.3670098,NEXT226PWUE,PDIP,,0.0,,H2H_STABILITY_SURVIVAL
FTN,FTNTEMP,South,2023.0,2023-11-09 00:00:00.000000 UTC,RLOPE1_VELA_SCHANG_EARLY_F23,-37.503508,-59.3670098,DK7210PRO4,PDIP,,0.0,,H2H_STABILITY_SURVIVAL
FTN,FTNTEMP,South,2023.0,2023-11-09 00:00:00.000000 UTC,RLOPE1_VELA_SCHANG_EARLY_F23,-37.503508,-59.3670098,NK842VIPTERA3,PDIP,,0.0,,H2H_STABILITY_SURVIVAL
FTN,FTNTEMP,South,2023.0,2023-11-07 00:00:00.000000 UTC,RLOPE1_TANDIL_LOMENDIA_EARLY_EVE23,-37.4413049,-59.1473397,DK7272VT3P,PDIP,,0.0,,H2H_STABILITY_SURVIVAL
FTN,FTNTEMP,South,2023.0,2023-11-07 00:00:00.000000 UTC,RLOPE1_TANDIL_LOMENDIA_EARLY_EVE23,-37.4413049,-59.1473397,DK7210RR2,PDIP,,0.0,,H2H_STABILITY_SURVIVAL
FTN,FTNTEMP,South,2023.0,2023-11-07 00:00:00.000000 UTC,RLOPE1_TANDIL_LOMENDIA_EARLY_EVE23,-37.4413049,-59.1473397,NK842VIPTERA3,PDIP,,0.0,,H2H_STABILITY_SURVIVAL
FTN,FTNTEMP,South,2023.0,2023-11-07 00:00:00.000000 UTC,RLOPE1_TANDIL_LOMENDIA_EARLY_EVE23,-37.4413049,-59.1473397,DK7272TRE,PDIP,,0.0,,H2H_STABILITY_SURVIVAL
FTN,FTNTEMP,South,2023.0,2023-11-07 00:00:00.000000 UTC,RLOPE1_TANDIL_LOMENDIA_EARLY_EVE23,-37.4413049,-59.1473397,DK7210PRO4,PDIP,,0.0,,H2H_STABILITY_SURVIVAL
FTN,FTNTEMP,South,2023.0,2023-11-07 00:00:00.000000 UTC,RLOPE1_TANDIL_LOMENDIA_EARLY_EVE23,-37.4413049,-59.1473397,NEXT226PWUE,PDIP,,0.0,,H2H_STABILITY_SURVIVAL
FTN,FTNTEMP,South,2023.0,2023-10-02 00:00:00.000000 UTC,GFKVN_ALBERTI_BERAZA_EARLY_F23,-35.0313806,-60.2152873,DK7210RR2,PDIP,,4.0,,H2H_STABILITY_SURVIVAL
FTN,FTNTEMP,South,2023.0,2023-12-12 00:00:00.000000 UTC,GGBLAN_VILLAVALERIA_BELLAMAR_LATE_F23,-34.2500162,-65.0498662,DK7270TRE,PDIP,,0.0,,H2H_STABILITY_SURVIVAL
FTN,FTNTEMP,South,2023.0,2023-12-12 00:00:00.000000 UTC,GGBLAN_VILLAVALERIA_BELLAMAR_LATE_F23,-34.2500162,-65.0498662,DK7210RR2,PDIP,,0.0,,H2H_STABILITY_SURVIVAL
FTN,FTNTEMP,South,2023.0,2023-12-12 00:00:00.000000 UTC,GGBLAN_VILLAVALERIA_BELLAMAR_LATE_F23,-34.2500162,-65.0498662,LT720VT3P,PDIP,,0.0,,H2H_STABILITY_SURVIVAL
FTN,FTNTEMPFUN,South,2023.0,2023-12-22 00:00:00.000000 UTC,VVSENK_AGROSOL_GUALEGUAY_LATE_FFUNG23,-32.9971779,-59.3233129,DK7272TRE,PDIP,,0.0,,H2H_STABILITY_SURVIVAL
FTN,FTNTEMPFUN,South,2023.0,2023-12-22 00:00:00.000000 UTC,VVSENK_AGROSOL_GUALEGUAY_LATE_FFUNG23,-32.9971779,-59.3233129,DK7210RR2,PDIP,,70.0,,H2H_STABILITY_SURVIVAL
FTN,FTNTEMP,South,2023.0,2023-09-07 00:00:00.000000 UTC,VVSENK_GALARZA_MENDIZABAL_EARLY_EVE23,-32.65433469,-59.25417623,LT344TRE,PDIP,,2.0,,H2H_STABILITY_SURVIVAL
FTN,FTNTEMPFUN,South,2023.0,2023-12-22 00:00:00.000000 UTC,VVSENK_AGROSOL_GUALEGUAY_LATE_FFUNG23,-32.9971779,-59.3233129,DK7272VT3P,PDIP,,65.0,,H2H_STABILITY_SURVIVAL
FTN,FTNTEMP,South,2023.0,2023-09-07 00:00:00.000000 UTC,VVSENK_GALARZA_MENDIZABAL_EARLY_EVE23,-32.65433469,-59.25417623,DK7210RR2,PDIP,,0.0,,H2H_STABILITY_SURVIVAL
FTN,FTNTEMPFUN,South,2023.0,2023-12-22 00:00:00.000000 UTC,VVSENK_AGROSOL_GUALEGUAY_LATE_FFUNG23,-32.9971779,-59.3233129,DK7210PRO4,PDIP,,0.0,,H2H_STABILITY_SURVIVAL
FTN,FTNTEMP,South,2023.0,2023-09-20 00:00:00.000000 UTC,GLNQJ_PEHUAJO_REYNOLDS_EARLY_F23,-36.12883537,-61.75379068,DK7210RR2,PDIP,,0.0,,H2H_STABILITY_SURVIVAL
FTN,FTNNORTFUN,North,2023.0,2024-01-06 00:00:00.000000 UTC,CSALO9_RIOMUERTO_VICENTIN_FFUNG23,-26.3240001,-61.59234176,DK7210PRO4,PDIP,,0.0,,H2H_STABILITY_SURVIVAL
FTN,FTNNORTUNT,North,2023.0,2024-01-06 00:00:00.000000 UTC,CSALO9_RIOMUERTO_VICENTIN_FFUNG23,-26.3240001,-61.59234176,DK7210RR2,PDIP,,30.0,,H2H_STABILITY_SURVIVAL
FTN,FTNNORTFUN,North,2023.0,2024-01-06 00:00:00.000000 UTC,CSALO9_RIOMUERTO_VICENTIN_FFUNG23,-26.3240001,-61.59234176,DK7210RR2,PDIP,,30.0,,H2H_STABILITY_SURVIVAL
FTN,FTNNORTE,North,2023.0,2024-01-18 00:00:00.000000 UTC,CSALO9_PAMPADELINFIERNO_MANAGRO_F23,-26.14947998,-61.07303702,DK7270TRE,PDIP,,0.0,,H2H_STABILITY_SURVIVAL
FTN,FTNNORTUNT,North,2023.0,2024-01-13 00:00:00.000000 UTC,CSALO9_RIOMUERTO_YURUMISAS_FFUNG23,-26.00302795,-61.67733202,DK7210PRO4,PDIP,,0.0,,H2H_STABILITY_SURVIVAL
FTN,FTNNORTUNT,North,2023.0,2024-01-06 00:00:00.000000 UTC,CSALO9_RIOMUERTO_VICENTIN_FFUNG23,-26.3240001,-61.59234176,DK7270TRE,PDIP,,0.0,,H2H_STABILITY_SURVIVAL
FTN,FTNNORTFUN,North,2023.0,2024-01-13 00:00:00.000000 UTC,CSALO9_RIOMUERTO_YURUMISAS_FFUNG23,-26.00302795,-61.67733202,DK7270TRE,PDIP,,0.0,,H2H_STABILITY_SURVIVAL
FTN,FTNNORTFUN,North,2023.0,2024-01-13 00:00:00.000000 UTC,CSALO9_RIOMUERTO_YURUMISAS_FFUNG23,-26.00302795,-61.67733202,DK7210RR2,PDIP,,12.0,,H2H_STABILITY_SURVIVAL
FTN,FTNNORTUNT,North,2023.0,2024-01-13 00:00:00.000000 UTC,CSALO9_RIOMUERTO_YURUMISAS_FFUNG23,-26.00302795,-61.67733202,DK7210RR2,PDIP,,12.0,,H2H_STABILITY_SURVIVAL
FTN,FTNNORTUNT,North,2023.0,2024-01-13 00:00:00.000000 UTC,CSALO9_RIOMUERTO_YURUMISAS_FFUNG23,-26.00302795,-61.67733202,DK7270TRE,PDIP,,0.0,,H2H_STABILITY_SURVIVAL
FTN,FTNNORTE,North,2023.0,2024-01-18 00:00:00.000000 UTC,CSALO9_PAMPADELINFIERNO_MANAGRO_F23,-26.14947998,-61.07303702,DK7210RR2,PDIP,,17.0,,H2H_STABILITY_SURVIVAL
FTN,FTNNORTFUN,North,2023.0,2024-01-13 00:00:00.000000 UTC,CSALO9_RIOMUERTO_YURUMISAS_FFUNG23,-26.00302795,-61.67733202,DK7210PRO4,PDIP,,0.0,,H2H_STABILITY_SURVIVAL
FTN,FTNNORTE,North,2023.0,2024-01-20 00:00:00.000000 UTC,CSALO9_RIOMUERTO_VICENTINJURAMENTO_F23,-25.79961697,-61.55040002,DK7210RR2,PDIP,,14.0,,H2H_STABILITY_SURVIVAL
FTN,FTNNORTUNT,North,2023.0,2024-01-06 00:00:00.000000 UTC,CSALO9_RIOMUERTO_VICENTIN_FFUNG23,-26.3240001,-61.59234176,DK7210PRO4,PDIP,,0.0,,H2H_STABILITY_SURVIVAL
FTN,FTNNORTFUN,North,2023.0,2024-01-06 00:00:00.000000 UTC,CSALO9_RIOMUERTO_VICENTIN_FFUNG23,-26.3240001,-61.59234176,DK7270TRE,PDIP,,0.0,,H2H_STABILITY_SURVIVAL
FTN,FTNNORTE,North,2023.0,2024-01-20 00:00:00.000000 UTC,CSALO9_RIOMUERTO_VICENTINJURAMENTO_F23,-25.79961697,-61.55040002,DK7210PRO4,PDIP,,0.0,,H2H_STABILITY_SURVIVAL
FTN,FTNNORTE,North,2023.0,2024-01-20 00:00:00.000000 UTC,CSALO9_RIOMUERTO_VICENTINJURAMENTO_F23,-25.79961697,-61.55040002,DK7270TRE,PDIP,,0.0,,H2H_STABILITY_SURVIVAL
FTN,FTNNORTE,North,2023.0,2024-01-18 00:00:00.000000 UTC,CSALO9_PAMPADELINFIERNO_MANAGRO_F23,-26.14947998,-61.07303702,DK7210PRO4,PDIP,,0.0,,H2H_STABILITY_SURVIVAL
FTN,FTNTEMP,South,2023.0,2023-12-14 00:00:00.000000 UTC,RLOPE1_AYACUCHO_GRANELSUR_LATE_EVE23,-37.0639333,-58.4760412,DK7272TRE,PDIP,,0.0,,H2H_STABILITY_SURVIVAL
FTN,FTNTEMP,South,2023.0,2023-12-14 00:00:00.000000 UTC,RLOPE1_AYACUCHO_GRANELSUR_LATE_EVE23,-37.0639333,-58.4760412,DK7272VT3P,PDIP,,0.0,,H2H_STABILITY_SURVIVAL
FTN,FTNTEMP,South,2023.0,2023-12-14 00:00:00.000000 UTC,RLOPE1_AYACUCHO_GRANELSUR_LATE_EVE23,-37.0639333,-58.4760412,DK7210RR2,PDIP,,1.0,,H2H_STABILITY_SURVIVAL
FTN,FTNTEMP,South,2023.0,2023-12-14 00:00:00.000000 UTC,RLOPE1_AYACUCHO_GRANELSUR_LATE_EVE23,-37.0639333,-58.4760412,DK7210PRO4,PDIP,,0.0,,H2H_STABILITY_SURVIVAL
FTN,FTNTEMP,South,2023.0,2023-12-14 00:00:00.000000 UTC,RLOPE1_AYACUCHO_GRANELSUR_LATE_EVE23,-37.0639333,-58.4760412,NEXT226PWUE,PDIP,,0.0,,H2H_STABILITY_SURVIVAL
FTN,FTNTEMP,South,2023.0,2023-12-14 00:00:00.000000 UTC,RLOPE1_AYACUCHO_GRANELSUR_LATE_EVE23,-37.0639333,-58.4760412,NK842VIPTERA3,PDIP,,0.0,,H2H_STABILITY_SURVIVAL
FTN,FTNTEMP,South,2023.0,2023-11-25 00:00:00.000000 UTC,RLOPE1_BALCARCE_STAMARTA_LATE_F23,-37.7836182,-58.6020956,DK7210PRO4,PDIP,,0.0,,H2H_STABILITY_SURVIVAL
FTN,FTNTEMP,South,2023.0,2023-11-25 00:00:00.000000 UTC,RLOPE1_BALCARCE_STAMARTA_LATE_F23,-37.7836182,-58.6020956,NK842VIPTERA3,PDIP,,0.0,,H2H_STABILITY_SURVIVAL
FTN,FTNTEMP,South,2023.0,2023-11-25 00:00:00.000000 UTC,RLOPE1_BALCARCE_STAMARTA_LATE_F23,-37.7836182,-58.6020956,DK7210RR2,PDIP,,0.0,,H2H_STABILITY_SURVIVAL
FTN,FTNTEMP,South,2023.0,2023-11-25 00:00:00.000000 UTC,RLOPE1_BALCARCE_STAMARTA_LATE_F23,-37.7836182,-58.6020956,DK7272VT3P,PDIP,,0.0,,H2H_STABILITY_SURVIVAL
FTN,FTNTEMP,South,2023.0,2023-11-25 00:00:00.000000 UTC,RLOPE1_BALCARCE_STAMARTA_LATE_F23,-37.7836182,-58.6020956,NEXT226PWUE,PDIP,,0.0,,H2H_STABILITY_SURVIVAL
FTN,FTNTEMP,South,2023.0,2023-11-25 00:00:00.000000 UTC,RLOPE1_BALCARCE_STAMARTA_LATE_F23,-37.7836182,-58.6020956,DK7272TRE,PDIP,,0.0,,H2H_STABILITY_SURVIVAL
FTN,FTNTEMP,South,2023.0,2023-11-24 00:00:00.000000 UTC,GLNQJ_DAIREAUX_ALGARRAHNOS_LATE_F23,-36.633329,-62.1855869,DK7210RR2,PDIP,,0.0,,H2H_STABILITY_SURVIVAL
FTN,FTNTEMP,South,2023.0,2023-09-29 00:00:00.000000 UTC,GLNQJ_DAIREAUX_ALGARRAHNOS_EARLY_EVE23,-36.6616623,-62.180149,DK7210RR2,PDIP,,0.0,,H2H_STABILITY_SURVIVAL
FTN,FTNTEMPFUN,South,2023.0,2023-10-02 00:00:00.000000 UTC,GGBLAN_BENGOLEA_ELORZA_EARLY_FFUNG23,-33.064228526978,-63.657248084741,DK7210RR2,PDIP,,0.0,,H2H_STABILITY_SURVIVAL
FTN,FTNTEMP,South,2023.0,2023-09-28 00:00:00.000000 UTC,DBORE_SANTAEUFEMIA_LAPAZ_EARLY_F23,-33.249633,-63.243473,NEXT226PWUE,PDIP,,0.0,,H2H_STABILITY_SURVIVAL
FTN,FTNTEMPFUN,South,2023.0,2023-09-15 00:00:00.000000 UTC,DBORE_COLONIAITALIANA_TRECCO_EARLY_FFUNG23,-33.343556391907,-62.161269786815,DK7272TRE,PDIP,,0.0,,H2H_STABILITY_SURVIVAL
FTN,FTNTEMPFUN,South,2023.0,2023-09-15 00:00:00.000000 UTC,DBORE_CAMILOALDAO_TARDITTI_EARLY_FFUNG23,-33.096998844387,-62.082960632812,DK7272VT3P,PDIP,,0.0,,H2H_STABILITY_SURVIVAL
FTN,FTNTEMPUNT,South,2023.0,2023-09-15 00:00:00.000000 UTC,DBORE_COLONIAITALIANA_TRECCO_EARLY_FFUNG23,-33.343556391907,-62.161269786815,NK842VIPTERA3,PDIP,,0.0,,H2H_STABILITY_SURVIVAL
FTN,FTNTEMPFUN,South,2023.0,2023-09-15 00:00:00.000000 UTC,DBORE_COLONIAITALIANA_TRECCO_EARLY_FFUNG23,-33.343556391907,-62.161269786815,DK7272VT3P,PDIP,,0.0,,H2H_STABILITY_SURVIVAL
FTN,FTNTEMPFUN,South,2023.0,2023-09-15 00:00:00.000000 UTC,DBORE_COLONIAITALIANA_TRECCO_EARLY_FFUNG23,-33.343556391907,-62.161269786815,NEXT226PWUE,PDIP,,0.0,,H2H_STABILITY_SURVIVAL
FTN,FTNTEMPFUN,South,2023.0,2023-09-15 00:00:00.000000 UTC,DBORE_CAMILOALDAO_TARDITTI_EARLY_FFUNG23,-33.096998844387,-62.082960632812,NK842VIPTERA3,PDIP,,0.0,,H2H_STABILITY_SURVIVAL
FTN,FTNTEMPUNT,South,2023.0,2023-09-15 00:00:00.000000 UTC,DBORE_CAMILOALDAO_TARDITTI_EARLY_FFUNG23,-33.096998844387,-62.082960632812,DK7272VT3P,PDIP,,0.0,,H2H_STABILITY_SURVIVAL
FTN,FTNTEMPUNT,South,2023.0,2023-09-15 00:00:00.000000 UTC,DBORE_COLONIAITALIANA_TRECCO_EARLY_FFUNG23,-33.343556391907,-62.161269786815,DK7272VT3P,PDIP,,0.0,,H2H_STABILITY_SURVIVAL
FTN,FTNTEMPUNT,South,2023.0,2023-09-15 00:00:00.000000 UTC,DBORE_COLONIAITALIANA_TRECCO_EARLY_FFUNG23,-33.343556391907,-62.161269786815,NEXT226PWUE,PDIP,,0.0,,H2H_STABILITY_SURVIVAL
FTN,FTNTEMPFUN,South,2023.0,2023-09-15 00:00:00.000000 UTC,DBORE_COLONIAITALIANA_TRECCO_EARLY_FFUNG23,-33.343556391907,-62.161269786815,NK842VIPTERA3,PDIP,,0.0,,H2H_STABILITY_SURVIVAL
FTN,FTNTEMPFUN,South,2023.0,2023-09-15 00:00:00.000000 UTC,DBORE_CAMILOALDAO_TARDITTI_EARLY_FFUNG23,-33.096998844387,-62.082960632812,DK7210RR2,PDIP,,0.0,,H2H_STABILITY_SURVIVAL
FTN,FTNTEMPFUN,South,2023.0,2023-09-15 00:00:00.000000 UTC,DBORE_CAMILOALDAO_TARDITTI_EARLY_FFUNG23,-33.096998844387,-62.082960632812,DK7210PRO4,PDIP,,0.0,,H2H_STABILITY_SURVIVAL
FTN,FTNTEMPFUN,South,2023.0,2023-09-15 00:00:00.000000 UTC,DBORE_CAMILOALDAO_TARDITTI_EARLY_FFUNG23,-33.096998844387,-62.082960632812,NEXT226PWUE,PDIP,,0.0,,H2H_STABILITY_SURVIVAL
FTN,FTNTEMPUNT,South,2023.0,2023-09-15 00:00:00.000000 UTC,DBORE_CAMILOALDAO_TARDITTI_EARLY_FFUNG23,-33.096998844387,-62.082960632812,DK7272TRE,PDIP,,0.0,,H2H_STABILITY_SURVIVAL
FTN,FTNTEMPUNT,South,2023.0,2023-09-15 00:00:00.000000 UTC,DBORE_COLONIAITALIANA_TRECCO_EARLY_FFUNG23,-33.343556391907,-62.161269786815,DK7210PRO4,PDIP,,0.0,,H2H_STABILITY_SURVIVAL
FTN,FTNTEMPUNT,South,2023.0,2023-09-15 00:00:00.000000 UTC,DBORE_CAMILOALDAO_TARDITTI_EARLY_FFUNG23,-33.096998844387,-62.082960632812,NK842VIPTERA3,PDIP,,0.0,,H2H_STABILITY_SURVIVAL
FTN,FTNTEMPFUN,South,2023.0,2023-09-15 00:00:00.000000 UTC,DBORE_COLONIAITALIANA_TRECCO_EARLY_FFUNG23,-33.343556391907,-62.161269786815,DK7210RR2,PDIP,,0.0,,H2H_STABILITY_SURVIVAL
FTN,FTNTEMPFUN,South,2023.0,2023-09-15 00:00:00.000000 UTC,DBORE_CAMILOALDAO_TARDITTI_EARLY_FFUNG23,-33.096998844387,-62.082960632812,DK7272TRE,PDIP,,0.0,,H2H_STABILITY_SURVIVAL
FTN,FTNTEMPUNT,South,2023.0,2023-09-15 00:00:00.000000 UTC,DBORE_COLONIAITALIANA_TRECCO_EARLY_FFUNG23,-33.343556391907,-62.161269786815,DK7272TRE,PDIP,,0.0,,H2H_STABILITY_SURVIVAL
FTN,FTNTEMPFUN,South,2023.0,2023-09-15 00:00:00.000000 UTC,DBORE_COLONIAITALIANA_TRECCO_EARLY_FFUNG23,-33.343556391907,-62.161269786815,DK7210PRO4,PDIP,,0.0,,H2H_STABILITY_SURVIVAL
FTN,FTNTEMPUNT,South,2023.0,2023-09-15 00:00:00.000000 UTC,DBORE_CAMILOALDAO_TARDITTI_EARLY_FFUNG23,-33.096998844387,-62.082960632812,DK7210PRO4,PDIP,,0.0,,H2H_STABILITY_SURVIVAL
FTN,FTNTEMPUNT,South,2023.0,2023-09-15 00:00:00.000000 UTC,DBORE_COLONIAITALIANA_TRECCO_EARLY_FFUNG23,-33.343556391907,-62.161269786815,DK7210RR2,PDIP,,0.0,,H2H_STABILITY_SURVIVAL
FTN,FTNTEMPUNT,South,2023.0,2023-09-15 00:00:00.000000 UTC,DBORE_CAMILOALDAO_TARDITTI_EARLY_FFUNG23,-33.096998844387,-62.082960632812,DK7210RR2,PDIP,,0.0,,H2H_STABILITY_SURVIVAL
FTN,FTNTEMPUNT,South,2023.0,2023-09-15 00:00:00.000000 UTC,DBORE_CAMILOALDAO_TARDITTI_EARLY_FFUNG23,-33.096998844387,-62.082960632812,NEXT226PWUE,PDIP,,0.0,,H2H_STABILITY_SURVIVAL
FTN,FTNTEMP,South,2023.0,2023-12-12 00:00:00.000000 UTC,RLOPE1_FERNANDEZ_CARELLI_LATE_EVE23,-38.0746907,-59.3410546,DK7210RR2,PDIP,,0.0,,H2H_STABILITY_SURVIVAL
FTN,FTNTEMP,South,2023.0,2023-12-12 00:00:00.000000 UTC,RLOPE1_FERNANDEZ_CARELLI_LATE_EVE23,-38.0746907,-59.3410546,DK7272VT3P,PDIP,,0.0,,H2H_STABILITY_SURVIVAL
FTN,FTNTEMP,South,2023.0,2023-12-12 00:00:00.000000 UTC,RLOPE1_FERNANDEZ_CARELLI_LATE_EVE23,-38.0746907,-59.3410546,NEXT226PWUE,PDIP,,0.0,,H2H_STABILITY_SURVIVAL
FTN,FTNTEMP,South,2023.0,2023-12-12 00:00:00.000000 UTC,RLOPE1_FERNANDEZ_CARELLI_LATE_EVE23,-38.0746907,-59.3410546,NK842VIPTERA3,PDIP,,0.0,,H2H_STABILITY_SURVIVAL
FTN,FTNTEMP,South,2023.0,2023-12-12 00:00:00.000000 UTC,RLOPE1_FERNANDEZ_CARELLI_LATE_EVE23,-38.0746907,-59.3410546,DK7210PRO4,PDIP,,0.0,,H2H_STABILITY_SURVIVAL
FTN,FTNTEMP,South,2023.0,2023-12-12 00:00:00.000000 UTC,RLOPE1_FERNANDEZ_CARELLI_LATE_EVE23,-38.0746907,-59.3410546,DK7272TRE,PDIP,,0.0,,H2H_STABILITY_SURVIVAL
FTN,FTNTEMP,South,2023.0,2023-09-19 00:00:00.000000 UTC,GFKVN_COLIQUEO_LOSCEDROS_F23,-34.668204,-60.5890328,DK7210RR2,PDIP,,3.0,,H2H_STABILITY_SURVIVAL
FTN,FTNTEMP,South,2023.0,2023-10-02 00:00:00.000000 UTC,GFKVN_ISLEO_APRILE_EARLY_EVE23,-34.4813014,-60.4145088,DK7210RR2,PDIP,,3.0,,H2H_STABILITY_SURVIVAL
FTN,FTNTEMP,South,2023.0,2023-09-28 00:00:00.000000 UTC,GFKVN_CHACABUCO_ZARCOVICH_EARLY_F23,-34.5174641,-60.5085198,DK7210PRO4,PDIP,,0.0,,H2H_STABILITY_SURVIVAL
FTN,FTNTEMP,South,2023.0,2023-09-28 00:00:00.000000 UTC,GFKVN_CHACABUCO_ZARCOVICH_EARLY_F23,-34.5174641,-60.5085198,NEXT226PWUE,PDIP,,0.0,,H2H_STABILITY_SURVIVAL
FTN,FTNTEMP,South,2023.0,2023-11-25 00:00:00.000000 UTC,GFKVN_CHACABUCO_CUATROCAMINOS_LATE_F23,-34.4717409,-60.6092495,DK7210PRO4,PDIP,,0.0,,H2H_STABILITY_SURVIVAL
FTN,FTNTEMP,South,2023.0,2023-09-28 00:00:00.000000 UTC,GFKVN_CHACABUCO_ZARCOVICH_EARLY_F23,-34.5174641,-60.5085198,DK7272TRE,PDIP,,0.0,,H2H_STABILITY_SURVIVAL
FTN,FTNTEMP,South,2023.0,2023-09-28 00:00:00.000000 UTC,GFKVN_CHACABUCO_ZARCOVICH_EARLY_F23,-34.5174641,-60.5085198,NK842VIPTERA3,PDIP,,0.0,,H2H_STABILITY_SURVIVAL
FTN,FTNTEMP,South,2023.0,2023-09-28 00:00:00.000000 UTC,GFKVN_CHACABUCO_ZARCOVICH_EARLY_F23,-34.5174641,-60.5085198,DK7272VT3P,PDIP,,1.0,,H2H_STABILITY_SURVIVAL
FTN,FTNTEMP,South,2023.0,2023-09-28 00:00:00.000000 UTC,GFKVN_CHACABUCO_ZARCOVICH_EARLY_F23,-34.5174641,-60.5085198,DK7210RR2,PDIP,,2.0,,H2H_STABILITY_SURVIVAL
FTN,FTNTEMP,South,2023.0,2023-11-25 00:00:00.000000 UTC,GFKVN_CHACABUCO_CUATROCAMINOS_LATE_F23,-34.4717409,-60.6092495,DK7272TRE,PDIP,,0.0,,H2H_STABILITY_SURVIVAL
FTN,FTNTEMP,South,2023.0,2023-11-25 00:00:00.000000 UTC,GFKVN_CHACABUCO_CUATROCAMINOS_LATE_F23,-34.4717409,-60.6092495,NK842VIPTERA3,PDIP,,0.0,,H2H_STABILITY_SURVIVAL
FTN,FTNTEMP,South,2023.0,2023-11-25 00:00:00.000000 UTC,GFKVN_CHACABUCO_CUATROCAMINOS_LATE_F23,-34.4717409,-60.6092495,DK7272VT3P,PDIP,,1.0,,H2H_STABILITY_SURVIVAL
FTN,FTNTEMP,South,2023.0,2023-11-25 00:00:00.000000 UTC,GFKVN_CHACABUCO_CUATROCAMINOS_LATE_F23,-34.4717409,-60.6092495,DK7210RR2,PDIP,,5.0,,H2H_STABILITY_SURVIVAL
FTN,FTNTEMP,South,2023.0,2023-11-25 00:00:00.000000 UTC,GFKVN_CHACABUCO_CUATROCAMINOS_LATE_F23,-34.4717409,-60.6092495,NEXT226PWUE,PDIP,,0.0,,H2H_STABILITY_SURVIVAL
FTN,FTNTEMPFUN,South,2023.0,2023-10-02 00:00:00.000000 UTC,GFKVN_HUERGO_DERISIO_EARLY_FFUNG23,-34.8184929,-60.1412992,DK7210RR2,PDIP,,5.0,,H2H_STABILITY_SURVIVAL
FTN,FTNTEMPFUN,South,2023.0,2023-10-02 00:00:00.000000 UTC,GFKVN_HUERGO_DERISIO_EARLY_FFUNG23,-34.8184929,-60.1412992,NEXT226PWUE,PDIP,,0.0,,H2H_STABILITY_SURVIVAL
FTN,FTNTEMPFUN,South,2023.0,2023-10-02 00:00:00.000000 UTC,GFKVN_HUERGO_DERISIO_EARLY_FFUNG23,-34.8184929,-60.1412992,NK842VIPTERA3,PDIP,,0.0,,H2H_STABILITY_SURVIVAL
FTN,FTNTEMPFUN,South,2023.0,2023-10-02 00:00:00.000000 UTC,GFKVN_HUERGO_DERISIO_EARLY_FFUNG23,-34.8184929,-60.1412992,DK7272TRE,PDIP,,0.0,,H2H_STABILITY_SURVIVAL
FTN,FTNTEMPFUN,South,2023.0,2023-10-02 00:00:00.000000 UTC,GFKVN_HUERGO_DERISIO_EARLY_FFUNG23,-34.8184929,-60.1412992,DK7272VT3P,PDIP,,4.0,,H2H_STABILITY_SURVIVAL
FTN,FTNTEMPFUN,South,2023.0,2023-10-02 00:00:00.000000 UTC,GFKVN_HUERGO_DERISIO_EARLY_FFUNG23,-34.8184929,-60.1412992,DK7210PRO4,PDIP,,0.0,,H2H_STABILITY_SURVIVAL
FTN,FTNTEMP,South,2023.0,2023-09-21 00:00:00.000000 UTC,EEBONA_VENADO_YOUG_EARLY_F23,-33.8133243,-61.9347758,DK7210RR2,PDIP,,0.0,,H2H_STABILITY_SURVIVAL
FTN,FTNTEMP,South,2023.0,2023-12-07 00:00:00.000000 UTC,EEBONA_AMENABAR_CHEMINI_LATE_F23,-34.1388282,-62.4207928,DK7210RR2,PDIP,,5.0,,H2H_STABILITY_SURVIVAL
FTN,FTNTEMP,South,2023.0,2023-09-19 00:00:00.000000 UTC,EEBONA_SANTAISABEL_NAVAZZOTI_EARLY_F23,-33.8702848,-61.5455714,DK7210RR2,PDIP,,0.0,,H2H_STABILITY_SURVIVAL
FTN,FTNTEMP,South,2023.0,2023-09-27 00:00:00.000000 UTC,EEBONA_TEODELINA_SANTAJUAN_EARLY_E23,-34.0167762,-61.3601914,DK7210RR2,PDIP,,0.0,,H2H_STABILITY_SURVIVAL
FTN,FTNTEMP,South,2023.0,2023-09-22 00:00:00.000000 UTC,EEBONA_ELORTONDO_CODUTTI_EARLY_F23,-33.7131383,-61.598337,DK7210RR2,PDIP,,0.0,,H2H_STABILITY_SURVIVAL
FTN,FTNTEMP,South,2023.0,2023-09-14 00:00:00.000000 UTC,EEBONA_DIEGODEALVEAR_LACATALINA_EARLY_F23,-34.412070535163,-62.178764894194,DK7210RR2,PDIP,,0.0,,H2H_STABILITY_SURVIVAL
FTN,FTNTEMP,South,2023.0,2023-09-26 00:00:00.000000 UTC,EEBONA_CAFFERATA_PIERELLA_EARLY_F23,-33.356132899999,-62.037906599999,DK7210RR2,PDIP,,1.0,,H2H_STABILITY_SURVIVAL
FTN,FTNTEMP,South,2023.0,2023-09-26 00:00:00.000000 UTC,EEBONA_WHEELWRIGTH_GUTIERREZ_EARLY_F23,-33.7819568,-61.1865898,DK7210RR2,PDIP,,0.0,,H2H_STABILITY_SURVIVAL
FTN,FTNTEMP,South,2023.0,2023-12-13 00:00:00.000000 UTC,GGBLAN_RIOTERCERO_ASCANELLI_LATE_F23,-32.1332512,-64.087458,DK7210RR2,PDIP,,2.0,,H2H_STABILITY_SURVIVAL
FTN,FTNTEMP,South,2023.0,2023-09-06 00:00:00.000000 UTC,VVSENK_BASAVILBASO_ECKERDT_EARLY_F23,-32.412526463837,-58.902426268648,AX7369MQK1,PDIP,,0.0,,H2H_STABILITY_SURVIVAL
FTN,FTNTEMP,South,2023.0,2023-09-06 00:00:00.000000 UTC,VVSENK_BASAVILBASO_ECKERDT_EARLY_F23,-32.412526463837,-58.902426268648,AX7761VT3P,PDIP,,0.0,,H2H_STABILITY_SURVIVAL
FTN,FTNTEMP,South,2023.0,2023-09-06 00:00:00.000000 UTC,VVSENK_BASAVILBASO_ECKERDT_EARLY_F23,-32.412526463837,-58.902426268648,DK7303TRE,PDIP,,0.0,,H2H_STABILITY_SURVIVAL
FTN,FTNTEMP,South,2023.0,2023-09-06 00:00:00.000000 UTC,VVSENK_BASAVILBASO_ECKERDT_EARLY_F23,-32.412526463837,-58.902426268648,LT302VT3P,PDIP,,0.0,,H2H_STABILITY_SURVIVAL
FTN,FTNTEMP,South,2023.0,2023-09-23 00:00:00.000000 UTC,VVSENK_GUALEGUAYCHU_CABRERA_EARLY_F23,-33.0881435,-58.7862488,DK7210RR2,PDIP,,0.0,,H2H_STABILITY_SURVIVAL
FTN,FTNTEMP,South,2023.0,2023-09-06 00:00:00.000000 UTC,VVSENK_BASAVILBASO_ECKERDT_EARLY_F23,-32.412526463837,-58.902426268648,DK7447TRE,PDIP,,0.0,,H2H_STABILITY_SURVIVAL
FTN,FTNTEMP,South,2023.0,2023-09-06 00:00:00.000000 UTC,VVSENK_BASAVILBASO_ECKERDT_EARLY_F23,-32.412526463837,-58.902426268648,NS7921VIP3CL,PDIP,,0.0,,H2H_STABILITY_SURVIVAL
FTN,FTNTEMP,South,2023.0,2023-09-06 00:00:00.000000 UTC,VVSENK_BASAVILBASO_ECKERDT_EARLY_F23,-32.412526463837,-58.902426268648,BRV8380PWUE,PDIP,,0.0,,H2H_STABILITY_SURVIVAL
FTN,FTNTEMP,South,2023.0,2023-09-06 00:00:00.000000 UTC,VVSENK_BASAVILBASO_ECKERDT_EARLY_F23,-32.412526463837,-58.902426268648,LT723TRE,PDIP,,0.0,,H2H_STABILITY_SURVIVAL
FTN,FTNTEMP,South,2023.0,2023-09-06 00:00:00.000000 UTC,VVSENK_BASAVILBASO_ECKERDT_EARLY_F23,-32.412526463837,-58.902426268648,AY6923MQK1,PDIP,,0.0,,H2H_STABILITY_SURVIVAL
FTN,FTNTEMP,South,2023.0,2023-09-06 00:00:00.000000 UTC,VVSENK_BASAVILBASO_ECKERDT_EARLY_F23,-32.412526463837,-58.902426268648,NEXT226PWUE,PDIP,,0.0,,H2H_STABILITY_SURVIVAL
FTN,FTNTEMP,South,2023.0,2023-09-06 00:00:00.000000 UTC,VVSENK_BASAVILBASO_ECKERDT_EARLY_F23,-32.412526463837,-58.902426268648,NK842VIPTERA3,PDIP,,0.0,,H2H_STABILITY_SURVIVAL
FTN,FTNTEMP,South,2023.0,2023-09-06 00:00:00.000000 UTC,VVSENK_BASAVILBASO_ECKERDT_EARLY_F23,-32.412526463837,-58.902426268648,AY6924MQK1,PDIP,,0.0,,H2H_STABILITY_SURVIVAL
FTN,FTNTEMP,South,2023.0,2023-09-06 00:00:00.000000 UTC,VVSENK_BASAVILBASO_ECKERDT_EARLY_F23,-32.412526463837,-58.902426268648,DK7270TRE,PDIP,,0.0,,H2H_STABILITY_SURVIVAL
FTN,FTNTEMP,South,2023.0,2023-09-06 00:00:00.000000 UTC,VVSENK_BASAVILBASO_ECKERDT_EARLY_F23,-32.412526463837,-58.902426268648,DK7220VTPRO4,PDIP,,0.0,,H2H_STABILITY_SURVIVAL
FTN,FTNTEMP,South,2023.0,2023-09-06 00:00:00.000000 UTC,VVSENK_BASAVILBASO_ECKERDT_EARLY_F23,-32.412526463837,-58.902426268648,AX7370MQK1,PDIP,,0.0,,H2H_STABILITY_SURVIVAL
FTN,FTNTEMP,South,2023.0,2023-09-06 00:00:00.000000 UTC,VVSENK_BASAVILBASO_ECKERDT_EARLY_F23,-32.412526463837,-58.902426268648,DK7208TRE,PDIP,,0.0,,H2H_STABILITY_SURVIVAL
FTN,FTNTEMP,South,2023.0,2023-09-06 00:00:00.000000 UTC,VVSENK_BASAVILBASO_ECKERDT_EARLY_F23,-32.412526463837,-58.902426268648,LT344TRE,PDIP,,0.0,,H2H_STABILITY_SURVIVAL
FTN,FTNTEMP,South,2023.0,2023-09-06 00:00:00.000000 UTC,VVSENK_BASAVILBASO_ECKERDT_EARLY_F23,-32.412526463837,-58.902426268648,DK7210RR2,PDIP,,0.0,,H2H_STABILITY_SURVIVAL
FTN,FTNTEMP,South,2023.0,2023-09-06 00:00:00.000000 UTC,VVSENK_BASAVILBASO_ECKERDT_EARLY_F23,-32.412526463837,-58.902426268648,DK7210PRO4,PDIP,,0.0,,H2H_STABILITY_SURVIVAL
FTN,FTNTEMP,South,2023.0,2023-09-06 00:00:00.000000 UTC,VVSENK_BASAVILBASO_ECKERDT_EARLY_F23,-32.412526463837,-58.902426268648,DK6962VT3P,PDIP,,0.0,,H2H_STABILITY_SURVIVAL
FTN,FTNTEMP,South,2023.0,2023-09-06 00:00:00.000000 UTC,VVSENK_BASAVILBASO_ECKERDT_EARLY_F23,-32.412526463837,-58.902426268648,LT720VT3P,PDIP,,0.0,,H2H_STABILITY_SURVIVAL
FTN,FTNTEMP,South,2023.0,2023-09-06 00:00:00.000000 UTC,VVSENK_BASAVILBASO_ECKERDT_EARLY_F23,-32.412526463837,-58.902426268648,AY7291FHJ2,PDIP,,0.0,,H2H_STABILITY_SURVIVAL
FTN,FTNTEMP,South,2023.0,2023-09-06 00:00:00.000000 UTC,VVSENK_BASAVILBASO_ECKERDT_EARLY_F23,-32.412526463837,-58.902426268648,DK7272TRE,PDIP,,0.0,,H2H_STABILITY_SURVIVAL
FTN,FTNTEMP,South,2023.0,2023-09-06 00:00:00.000000 UTC,VVSENK_BASAVILBASO_ECKERDT_EARLY_F23,-32.412526463837,-58.902426268648,LT721TRE,PDIP,,0.0,,H2H_STABILITY_SURVIVAL
FTN,FTNTEMP,South,2023.0,2023-09-06 00:00:00.000000 UTC,VVSENK_BASAVILBASO_ECKERDT_EARLY_F23,-32.412526463837,-58.902426268648,DK7272VT3P,PDIP,,0.0,,H2H_STABILITY_SURVIVAL
FTN,FTNTEMP,South,2023.0,2023-09-06 00:00:00.000000 UTC,VVSENK_BASAVILBASO_ECKERDT_EARLY_F23,-32.412526463837,-58.902426268648,LT725TRE,PDIP,,0.0,,H2H_STABILITY_SURVIVAL
FTN,FTNTEMP,South,2023.0,2023-10-30 00:00:00.000000 UTC,RLOPE1_SANCAYETANO_HANSEN_EARLY_F23,-38.0698336,-59.3424174,DK7210PRO4,PDIP,,0.0,,H2H_STABILITY_SURVIVAL
FTN,FTNTEMP,South,2023.0,2023-10-30 00:00:00.000000 UTC,RLOPE1_SANCAYETANO_HANSEN_EARLY_F23,-38.0698336,-59.3424174,DK7272VT3P,PDIP,,0.0,,H2H_STABILITY_SURVIVAL
FTN,FTNTEMP,South,2023.0,2023-10-30 00:00:00.000000 UTC,RLOPE1_SANCAYETANO_HANSEN_EARLY_F23,-38.0698336,-59.3424174,DK7272TRE,PDIP,,0.0,,H2H_STABILITY_SURVIVAL
FTN,FTNTEMP,South,2023.0,2023-10-30 00:00:00.000000 UTC,RLOPE1_SANCAYETANO_HANSEN_EARLY_F23,-38.0698336,-59.3424174,NEXT226PWUE,PDIP,,0.0,,H2H_STABILITY_SURVIVAL
FTN,FTNTEMP,South,2023.0,2023-10-30 00:00:00.000000 UTC,RLOPE1_SANCAYETANO_HANSEN_EARLY_F23,-38.0698336,-59.3424174,DK7210RR2,PDIP,,0.0,,H2H_STABILITY_SURVIVAL
FTN,FTNTEMP,South,2023.0,2023-10-30 00:00:00.000000 UTC,RLOPE1_SANCAYETANO_HANSEN_EARLY_F23,-38.0698336,-59.3424174,NK842VIPTERA3,PDIP,,0.0,,H2H_STABILITY_SURVIVAL
FTN,FTNTEMP,South,2023.0,2023-11-10 00:00:00.000000 UTC,RLOPE1_TRESARROYOS_ORUE_EARLY_EVE23,-38.3888803,-60.3430266,DK7210PRO4,PDIP,,0.0,,H2H_STABILITY_SURVIVAL
FTN,FTNTEMP,South,2023.0,2023-11-26 00:00:00.000000 UTC,RLOPE1_TRESARROYOS_PUGLIESE_LATE_F23,-38.4041407,-60.1789611,NEXT226PWUE,PDIP,,0.0,,H2H_STABILITY_SURVIVAL
FTN,FTNTEMP,South,2023.0,2023-11-26 00:00:00.000000 UTC,RLOPE1_TRESARROYOS_PUGLIESE_LATE_F23,-38.4041407,-60.1789611,DK7210PRO4,PDIP,,0.0,,H2H_STABILITY_SURVIVAL
FTN,FTNTEMP,South,2023.0,2023-11-10 00:00:00.000000 UTC,RLOPE1_TRESARROYOS_ORUE_EARLY_EVE23,-38.3888803,-60.3430266,DK7272VT3P,PDIP,,0.0,,H2H_STABILITY_SURVIVAL
FTN,FTNTEMP,South,2023.0,2023-11-10 00:00:00.000000 UTC,RLOPE1_TRESARROYOS_ORUE_EARLY_EVE23,-38.3888803,-60.3430266,DK7272TRE,PDIP,,0.0,,H2H_STABILITY_SURVIVAL
FTN,FTNTEMP,South,2023.0,2023-11-10 00:00:00.000000 UTC,RLOPE1_TRESARROYOS_ORUE_EARLY_EVE23,-38.3888803,-60.3430266,DK7210RR2,PDIP,,0.0,,H2H_STABILITY_SURVIVAL
FTN,FTNTEMP,South,2023.0,2023-11-26 00:00:00.000000 UTC,RLOPE1_TRESARROYOS_PUGLIESE_LATE_F23,-38.4041407,-60.1789611,DK7210RR2,PDIP,,1.0,,H2H_STABILITY_SURVIVAL
FTN,FTNTEMP,South,2023.0,2023-11-10 00:00:00.000000 UTC,RLOPE1_TRESARROYOS_ORUE_EARLY_EVE23,-38.3888803,-60.3430266,NEXT226PWUE,PDIP,,0.0,,H2H_STABILITY_SURVIVAL
FTN,FTNTEMP,South,2023.0,2023-11-10 00:00:00.000000 UTC,RLOPE1_TRESARROYOS_ORUE_EARLY_EVE23,-38.3888803,-60.3430266,NK842VIPTERA3,PDIP,,0.0,,H2H_STABILITY_SURVIVAL
FTN,FTNTEMP,South,2023.0,2023-11-26 00:00:00.000000 UTC,RLOPE1_TRESARROYOS_PUGLIESE_LATE_F23,-38.4041407,-60.1789611,DK7272TRE,PDIP,,0.0,,H2H_STABILITY_SURVIVAL
FTN,FTNTEMP,South,2023.0,2023-11-26 00:00:00.000000 UTC,RLOPE1_TRESARROYOS_PUGLIESE_LATE_F23,-38.4041407,-60.1789611,DK7272VT3P,PDIP,,0.0,,H2H_STABILITY_SURVIVAL
FTN,FTNTEMP,South,2023.0,2023-11-26 00:00:00.000000 UTC,RLOPE1_TRESARROYOS_PUGLIESE_LATE_F23,-38.4041407,-60.1789611,NK842VIPTERA3,PDIP,,0.0,,H2H_STABILITY_SURVIVAL
FTN,FTNTEMP,South,2023.0,2023-11-22 00:00:00.000000 UTC,EEBONA_ELPORVENIR_MAFFIA_LATE_F23,-35.0101669,-62.2341326,DK7210RR2,PDIP,,0.0,,H2H_STABILITY_SURVIVAL
FTN,FTNNORTE,North,2023.0,2024-01-05 00:00:00.000000 UTC,CSALO9_QUIMILI_HERRERO_F23,-27.90812984,-62.30948001,DK7210PRO4,PDIP,,1.0,,H2H_STABILITY_SURVIVAL
FTN,FTNNORTE,North,2023.0,2024-01-12 00:00:00.000000 UTC,CSALO9_QUIMILI_LACAU_F23,-27.90582698,-61.92919802,DK7210RR2,PDIP,,17.0,,H2H_STABILITY_SURVIVAL
FTN,FTNNORTE,North,2023.0,2024-01-12 00:00:00.000000 UTC,CSALO9_QUIMILI_LACAU_F23,-27.90582698,-61.92919802,DK7270TRE,PDIP,,0.0,,H2H_STABILITY_SURVIVAL
FTN,FTNNORTE,North,2023.0,2024-01-07 00:00:00.000000 UTC,CSALO9_QUIMILI_ELCABURE_F23,-27.43050498,-62.53054002,DK7210PRO4,PDIP,,1.0,,H2H_STABILITY_SURVIVAL
FTN,FTNNORTE,North,2023.0,2024-01-04 00:00:00.000000 UTC,CSALO9_TINTINA_JUAMARITA_F23,-27.00890097,-62.60379002,DK7210RR2,PDIP,,20.0,,H2H_STABILITY_SURVIVAL
FTN,FTNNORTE,North,2023.0,2024-01-01 00:00:00.000000 UTC,CSALO9_QUIMILI_ORTOLANIHUASI_F23,-27.21535088,-62.25628351,DK7210RR2,PDIP,,17.0,,H2H_STABILITY_SURVIVAL
FTN,FTNNORTE,North,2023.0,2024-01-01 00:00:00.000000 UTC,CSALO9_QUIMILI_ORTOLANIHUASI_F23,-27.21535088,-62.25628351,DK7210PRO4,PDIP,,0.0,,H2H_STABILITY_SURVIVAL
FTN,FTNNORTE,North,2023.0,2024-01-05 00:00:00.000000 UTC,CSALO9_QUIMILI_HERRERO_F23,-27.90812984,-62.30948001,DK7210RR2,PDIP,,15.0,,H2H_STABILITY_SURVIVAL
FTN,FTNNORTE,North,2023.0,2024-01-07 00:00:00.000000 UTC,CSALO9_QUIMILI_ELCABURE_F23,-27.43050498,-62.53054002,DK7270TRE,PDIP,,0.0,,H2H_STABILITY_SURVIVAL
FTN,FTNNORTE,North,2023.0,2024-01-01 00:00:00.000000 UTC,CSALO9_QUIMILI_ORTOLANIHUASI_F23,-27.21535088,-62.25628351,DK7270TRE,PDIP,,0.0,,H2H_STABILITY_SURVIVAL
FTN,FTNNORTE,North,2023.0,2024-01-04 00:00:00.000000 UTC,CSALO9_TINTINA_JUAMARITA_F23,-27.00890097,-62.60379002,DK7210PRO4,PDIP,,0.0,,H2H_STABILITY_SURVIVAL
FTN,FTNNORTE,North,2023.0,2024-01-12 00:00:00.000000 UTC,CSALO9_OTUMPA_AGROLAM_F23,-27.077628,-62.022,DK7210RR2,PDIP,,20.0,,H2H_STABILITY_SURVIVAL
FTN,FTNNORTE,North,2023.0,2024-01-12 00:00:00.000000 UTC,CSALO9_OTUMPA_AGROLAM_F23,-27.077628,-62.022,DK7210PRO4,PDIP,,0.0,,H2H_STABILITY_SURVIVAL
FTN,FTNNORTE,North,2023.0,2024-01-07 00:00:00.000000 UTC,CSALO9_QUIMILI_ELCABURE_F23,-27.43050498,-62.53054002,DK7210RR2,PDIP,,18.0,,H2H_STABILITY_SURVIVAL
FTN,FTNNORTE,North,2023.0,2024-01-06 00:00:00.000000 UTC,CSALO9_QUIMILI_OROLANIAGRASIADA_F23,-27.63241984,-62.52410002,DK7210RR2,PDIP,,18.0,,H2H_STABILITY_SURVIVAL
FTN,FTNNORTE,North,2023.0,2024-01-12 00:00:00.000000 UTC,CSALO9_QUIMILI_LACAU_F23,-27.90582698,-61.92919802,DK7210PRO4,PDIP,,0.0,,H2H_STABILITY_SURVIVAL
FTN,FTNNORTE,North,2023.0,2024-01-04 00:00:00.000000 UTC,CSALO9_TINTINA_JUAMARITA_F23,-27.00890097,-62.60379002,DK7270TRE,PDIP,,0.0,,H2H_STABILITY_SURVIVAL
FTN,FTNNORTE,North,2023.0,2024-01-05 00:00:00.000000 UTC,CSALO9_QUIMILI_HERRERO_F23,-27.90812984,-62.30948001,DK7270TRE,PDIP,,0.0,,H2H_STABILITY_SURVIVAL
FTN,FTNNORTE,North,2023.0,2024-01-06 00:00:00.000000 UTC,CSALO9_QUIMILI_OROLANIAGRASIADA_F23,-27.63241984,-62.52410002,DK7210PRO4,PDIP,,1.0,,H2H_STABILITY_SURVIVAL
FTN,FTNNORTE,North,2023.0,2024-01-12 00:00:00.000000 UTC,CSALO9_OTUMPA_AGROLAM_F23,-27.077628,-62.022,DK7270TRE,PDIP,,0.0,,H2H_STABILITY_SURVIVAL
FTN,FTNNORTE,North,2023.0,2024-01-06 00:00:00.000000 UTC,CSALO9_QUIMILI_OROLANIAGRASIADA_F23,-27.63241984,-62.52410002,DK7270TRE,PDIP,,1.0,,H2H_STABILITY_SURVIVAL
FTN,FTNNORTE,North,2023.0,2024-01-08 00:00:00.000000 UTC,CSALO9_SACHAYOJ_BUNCHICH_F23,-27.712207,-61.601927,DK7270TRE,PDIP,,0.0,,H2H_STABILITY_SURVIVAL
FTN,FTNNORTE,North,2023.0,2024-01-08 00:00:00.000000 UTC,CSALO9_SACHAYOJ_BUNCHICH_F23,-27.712207,-61.601927,DK7210PRO4,PDIP,,0.0,,H2H_STABILITY_SURVIVAL
FTN,FTNNORTE,North,2023.0,2024-01-09 00:00:00.000000 UTC,CSALO9_SACHAYOJ_ROMAGNOLI_F23,-26.74189599,-62.05334202,DK7210PRO4,PDIP,,0.0,,H2H_STABILITY_SURVIVAL
FTN,FTNNORTE,North,2023.0,2024-01-09 00:00:00.000000 UTC,CSALO9_SACHAYOJ_ROMAGNOLI_F23,-26.74189599,-62.05334202,DK7210RR2,PDIP,,20.0,,H2H_STABILITY_SURVIVAL
FTN,FTNNORTE,North,2023.0,2024-01-19 00:00:00.000000 UTC,CSALO9_ELCABURE_YERUTISA_EVE23,-26.12656697,-62.382033,DK7447TRE,PDIP,,1.0,,H2H_STABILITY_SURVIVAL
FTN,FTNNORTE,North,2023.0,2024-01-08 00:00:00.000000 UTC,CSALO9_SACHAYOJ_BUNCHICH_F23,-27.712207,-61.601927,DK7210RR2,PDIP,,20.0,,H2H_STABILITY_SURVIVAL
FTN,FTNNORTE,North,2023.0,2024-01-09 00:00:00.000000 UTC,CSALO9_SACHAYOJ_ROMAGNOLI_F23,-26.74189599,-62.05334202,DK7270TRE,PDIP,,0.0,,H2H_STABILITY_SURVIVAL
FTN,FTNTEMP,South,2023.0,2023-11-16 00:00:00.000000 UTC,GFKVN_CARECO_MONCHO_LATE_F23,-34.4213275,-59.762198,DK7272TRE,PDIP,,0.0,,H2H_STABILITY_SURVIVAL
FTN,FTNTEMP,South,2023.0,2023-11-16 00:00:00.000000 UTC,GFKVN_CARECO_MONCHO_LATE_F23,-34.4213275,-59.762198,NEXT226PWUE,PDIP,,0.0,,H2H_STABILITY_SURVIVAL
FTN,FTNTEMP,South,2023.0,2023-11-16 00:00:00.000000 UTC,GFKVN_CARECO_MONCHO_LATE_F23,-34.4213275,-59.762198,NK842VIPTERA3,PDIP,,0.0,,H2H_STABILITY_SURVIVAL
FTN,FTNTEMP,South,2023.0,2023-11-16 00:00:00.000000 UTC,GFKVN_CARECO_MONCHO_LATE_F23,-34.4213275,-59.762198,DK7210PRO4,PDIP,,0.0,,H2H_STABILITY_SURVIVAL
FTN,FTNTEMP,South,2023.0,2023-12-24 00:00:00.000000 UTC,GFKVN_CASTILLA_DEPRATI_LATE_F23,-34.5302195,-59.8979357,DK7210RR2,PDIP,,8.0,,H2H_STABILITY_SURVIVAL
FTN,FTNTEMP,South,2023.0,2023-12-24 00:00:00.000000 UTC,GFKVN_CASTILLA_DEPRATI_LATE_F23,-34.5302195,-59.8979357,DK7210PRO4,PDIP,,0.0,,H2H_STABILITY_SURVIVAL
FTN,FTNTEMP,South,2023.0,2023-12-24 00:00:00.000000 UTC,GFKVN_CASTILLA_DEPRATI_LATE_F23,-34.5302195,-59.8979357,DK7272TRE,PDIP,,0.0,,H2H_STABILITY_SURVIVAL
FTN,FTNTEMP,South,2023.0,2023-11-16 00:00:00.000000 UTC,GFKVN_CARECO_MONCHO_LATE_F23,-34.4213275,-59.762198,DK7272VT3P,PDIP,,7.0,,H2H_STABILITY_SURVIVAL
FTN,FTNTEMP,South,2023.0,2023-12-24 00:00:00.000000 UTC,GFKVN_CASTILLA_DEPRATI_LATE_F23,-34.5302195,-59.8979357,DK7272VT3P,PDIP,,5.0,,H2H_STABILITY_SURVIVAL
FTN,FTNTEMP,South,2023.0,2023-12-24 00:00:00.000000 UTC,GFKVN_CASTILLA_DEPRATI_LATE_F23,-34.5302195,-59.8979357,NK842VIPTERA3,PDIP,,0.0,,H2H_STABILITY_SURVIVAL
FTN,FTNTEMP,South,2023.0,2023-12-24 00:00:00.000000 UTC,GFKVN_CASTILLA_DEPRATI_LATE_F23,-34.5302195,-59.8979357,NEXT226PWUE,PDIP,,0.0,,H2H_STABILITY_SURVIVAL
FTN,FTNTEMP,South,2023.0,2023-11-16 00:00:00.000000 UTC,GFKVN_CARECO_MONCHO_LATE_F23,-34.4213275,-59.762198,DK7210RR2,PDIP,,8.0,,H2H_STABILITY_SURVIVAL
FTN,FTNTEMPUNT,South,2023.0,2023-09-21 00:00:00.000000 UTC,GLNQJ_PELLEGRINI_MAGNASCO_EARLY_FFUNG23,-36.3625048931,-63.320569991459,DK7210RR2,PDIP,,0.0,,H2H_STABILITY_SURVIVAL
FTN,FTNTEMP,South,2023.0,2023-11-18 00:00:00.000000 UTC,GLNQJ_MARILAUQUEN_PEREDAHNOS_LATE_F23,-36.0592764,-63.0911575,DK7210RR2,PDIP,,0.0,,H2H_STABILITY_SURVIVAL
FTN,FTNTEMP,South,2023.0,2023-09-30 00:00:00.000000 UTC,GLNQJ_MARILAUQUEN_PEREDAHNOS_EARLY_F23,-36.0411244,-63.0751358,DK7210RR2,PDIP,,0.0,,H2H_STABILITY_SURVIVAL
FTN,FTNTEMP,South,2023.0,2023-11-15 00:00:00.000000 UTC,RLOPE1_INDIORICO_BEATRIZ_EARLY_EVE23,-38.4347493,-61.030138,DK7272TRE,PDIP,,0.0,,H2H_STABILITY_SURVIVAL
FTN,FTNTEMP,South,2023.0,2023-11-15 00:00:00.000000 UTC,RLOPE1_INDIORICO_BEATRIZ_EARLY_EVE23,-38.4347493,-61.030138,DK7210PRO4,PDIP,,0.0,,H2H_STABILITY_SURVIVAL
FTN,FTNTEMP,South,2023.0,2023-11-15 00:00:00.000000 UTC,RLOPE1_INDIORICO_BEATRIZ_EARLY_EVE23,-38.4347493,-61.030138,DK7272VT3P,PDIP,,0.0,,H2H_STABILITY_SURVIVAL
FTN,FTNTEMP,South,2023.0,2023-11-15 00:00:00.000000 UTC,RLOPE1_INDIORICO_BEATRIZ_EARLY_EVE23,-38.4347493,-61.030138,DK7210RR2,PDIP,,0.0,,H2H_STABILITY_SURVIVAL
FTN,FTNTEMP,South,2023.0,2023-11-15 00:00:00.000000 UTC,RLOPE1_INDIORICO_BEATRIZ_EARLY_EVE23,-38.4347493,-61.030138,NK842VIPTERA3,PDIP,,0.0,,H2H_STABILITY_SURVIVAL
FTN,FTNTEMP,South,2023.0,2023-11-15 00:00:00.000000 UTC,RLOPE1_INDIORICO_BEATRIZ_EARLY_EVE23,-38.4347493,-61.030138,NEXT226PWUE,PDIP,,0.0,,H2H_STABILITY_SURVIVAL
FTN,FTNTEMP,South,2023.0,2023-10-17 00:00:00.000000 UTC,RLOPE1_PILA_ITURRIAGA_EARLY_F23,-35.8172416,-58.4731026,DK7210PRO4,PDIP,,0.0,,H2H_STABILITY_SURVIVAL
FTN,FTNTEMP,South,2023.0,2023-10-17 00:00:00.000000 UTC,RLOPE1_PILA_ITURRIAGA_EARLY_F23,-35.8172416,-58.4731026,DK7210RR2,PDIP,,0.0,,H2H_STABILITY_SURVIVAL
FTN,FTNTEMP,South,2023.0,2023-10-17 00:00:00.000000 UTC,RLOPE1_PILA_ITURRIAGA_EARLY_F23,-35.8172416,-58.4731026,DK7272TRE,PDIP,,0.0,,H2H_STABILITY_SURVIVAL
FTN,FTNTEMP,South,2023.0,2023-10-17 00:00:00.000000 UTC,RLOPE1_PILA_ITURRIAGA_EARLY_F23,-35.8172416,-58.4731026,NEXT226PWUE,PDIP,,0.0,,H2H_STABILITY_SURVIVAL
FTN,FTNTEMP,South,2023.0,2023-10-17 00:00:00.000000 UTC,RLOPE1_GENERALBELGRANO_BELGRANOCEREALES_EARLY_F23,-35.8096779,-58.4409141,DK7210PRO4,PDIP,,0.0,,H2H_STABILITY_SURVIVAL
FTN,FTNTEMP,South,2023.0,2023-10-17 00:00:00.000000 UTC,RLOPE1_GENERALBELGRANO_BELGRANOCEREALES_EARLY_F23,-35.8096779,-58.4409141,DK7210RR2,PDIP,,0.0,,H2H_STABILITY_SURVIVAL
FTN,FTNTEMP,South,2023.0,2023-10-17 00:00:00.000000 UTC,RLOPE1_PILA_ITURRIAGA_EARLY_F23,-35.8172416,-58.4731026,NK842VIPTERA3,PDIP,,0.0,,H2H_STABILITY_SURVIVAL
FTN,FTNTEMP,South,2023.0,2023-10-17 00:00:00.000000 UTC,RLOPE1_GENERALBELGRANO_BELGRANOCEREALES_EARLY_F23,-35.8096779,-58.4409141,DK7272VT3P,PDIP,,0.0,,H2H_STABILITY_SURVIVAL
FTN,FTNTEMP,South,2023.0,2023-10-17 00:00:00.000000 UTC,RLOPE1_GENERALBELGRANO_BELGRANOCEREALES_EARLY_F23,-35.8096779,-58.4409141,NK842VIPTERA3,PDIP,,0.0,,H2H_STABILITY_SURVIVAL
FTN,FTNTEMP,South,2023.0,2023-10-17 00:00:00.000000 UTC,RLOPE1_GENERALBELGRANO_BELGRANOCEREALES_EARLY_F23,-35.8096779,-58.4409141,DK7272TRE,PDIP,,0.0,,H2H_STABILITY_SURVIVAL
FTN,FTNTEMP,South,2023.0,2023-10-17 00:00:00.000000 UTC,RLOPE1_PILA_ITURRIAGA_EARLY_F23,-35.8172416,-58.4731026,DK7272VT3P,PDIP,,0.0,,H2H_STABILITY_SURVIVAL
FTN,FTNTEMP,South,2023.0,2023-10-17 00:00:00.000000 UTC,RLOPE1_GENERALBELGRANO_BELGRANOCEREALES_EARLY_F23,-35.8096779,-58.4409141,NEXT226PWUE,PDIP,,0.0,,H2H_STABILITY_SURVIVAL
FTN,FTNTEMP,South,2023.0,2023-09-23 00:00:00.000000 UTC,GLNQJ_GENERALVILLEGAS_GUIDI_EARLY_EVE23,-35.0538748,-62.948809,DK7210RR2,PDIP,,0.0,,H2H_STABILITY_SURVIVAL
FTN,FTNTEMP,South,2023.0,2023-09-19 00:00:00.000000 UTC,GFKVN_CAPSARMIENTO_CERVIGNI_EARLY_F23,-34.188117,-59.69059,DK7210PRO4,PDIP,,0.0,,H2H_STABILITY_SURVIVAL
FTN,FTNTEMP,South,2023.0,2023-09-19 00:00:00.000000 UTC,GFKVN_CAPSARMIENTO_CERVIGNI_EARLY_F23,-34.188117,-59.69059,DK7272VT3P,PDIP,,2.0,,H2H_STABILITY_SURVIVAL
FTN,FTNTEMP,South,2023.0,2023-09-19 00:00:00.000000 UTC,GFKVN_CAPSARMIENTO_CERVIGNI_EARLY_F23,-34.188117,-59.69059,DK7272TRE,PDIP,,0.0,,H2H_STABILITY_SURVIVAL
FTN,FTNTEMP,South,2023.0,2023-09-19 00:00:00.000000 UTC,GFKVN_CAPSARMIENTO_CERVIGNI_EARLY_F23,-34.188117,-59.69059,DK7210RR2,PDIP,,3.0,,H2H_STABILITY_SURVIVAL
FTN,FTNTEMP,South,2023.0,2023-09-19 00:00:00.000000 UTC,GFKVN_CAPSARMIENTO_CERVIGNI_EARLY_F23,-34.188117,-59.69059,NEXT226PWUE,PDIP,,0.0,,H2H_STABILITY_SURVIVAL
FTN,FTNTEMP,South,2023.0,2023-09-19 00:00:00.000000 UTC,GFKVN_CAPSARMIENTO_CERVIGNI_EARLY_F23,-34.188117,-59.69059,NK842VIPTERA3,PDIP,,0.0,,H2H_STABILITY_SURVIVAL
FTN,FTNNORTE,North,2023.0,2023-12-14 00:00:00.000000 UTC,SRUIZ_NUEVAESPERANZA_BOIX_F23,-26.27474597,-64.11032101,DK7210PRO4,PDIP,,1.0,,H2H_STABILITY_SURVIVAL
FTN,FTNNORTE,North,2023.0,2024-01-07 00:00:00.000000 UTC,SRUIZ_RAPELLI_GARMAT_F23,-26.37349799,-64.42689302,DK7210PRO4,PDIP,,1.0,,H2H_STABILITY_SURVIVAL
FTN,FTNNORTE,North,2023.0,2023-12-14 00:00:00.000000 UTC,SRUIZ_NUEVAESPERANZA_BOIX_F23,-26.27474597,-64.11032101,DK7270TRE,PDIP,,1.0,,H2H_STABILITY_SURVIVAL
FTN,FTNNORTE,North,2023.0,2024-01-15 00:00:00.000000 UTC,SRUIZ_ELTIGRE_NEOCAMPO_F23,-26.549128,-64.41737102,DK7210PRO4,PDIP,,0.0,,H2H_STABILITY_SURVIVAL
FTN,FTNNORTE,North,2023.0,2024-01-15 00:00:00.000000 UTC,SRUIZ_ELTIGRE_NEOCAMPO_F23,-26.549128,-64.41737102,DK7270TRE,PDIP,,0.0,,H2H_STABILITY_SURVIVAL
FTN,FTNNORTE,North,2023.0,2024-01-15 00:00:00.000000 UTC,SRUIZ_ELTIGRE_NEOCAMPO_F23,-26.549128,-64.41737102,DK7210RR2,PDIP,,37.0,,H2H_STABILITY_SURVIVAL
FTN,FTNNORTE,North,2023.0,2023-12-14 00:00:00.000000 UTC,SRUIZ_NUEVAESPERANZA_BOIX_F23,-26.27474597,-64.11032101,DK7210RR2,PDIP,,40.0,,H2H_STABILITY_SURVIVAL
FTN,FTNNORTE,North,2023.0,2024-01-07 00:00:00.000000 UTC,SRUIZ_RAPELLI_GARMAT_F23,-26.37349799,-64.42689302,DK7210RR2,PDIP,,81.0,,H2H_STABILITY_SURVIVAL
FTN,FTNNORTE,North,2023.0,2024-01-07 00:00:00.000000 UTC,SRUIZ_RAPELLI_GARMAT_F23,-26.37349799,-64.42689302,DK7270TRE,PDIP,,0.0,,H2H_STABILITY_SURVIVAL
FTN,FTNTEMP,South,2023.0,2023-10-05 00:00:00.000000 UTC,GFKVN_RIESTRA_CUATRINI_EARLY_F23,-35.3339057,-59.8008166,DK7210RR2,PDIP,,0.0,,H2H_STABILITY_SURVIVAL